Track name,Artist,Popularity,Release year,Genres,danceability,energy,key,loudness,mode,speechiness,acousticness,instrumentalness,liveness,valence,tempo
Vultures,B.o.B,17,2016,"genre:""Hip-Hop""",0.658,0.721,9,-6.229,1,0.0951,0.036,0.0,0.0828,0.121,100.071
Low Rider,Big Rome,11,2020,"genre:""Hip-Hop""",0.811,0.662,1,-8.846,0,0.182,0.711,0.0,0.263,0.555,97.51
Mind Gamez (feat. B-Dawg & Icee),Big Tone,10,2018,"genre:""Hip-Hop""",0.826,0.801,4,-5.602,1,0.132,0.401,0.0,0.349,0.757,90.003
פרסים,Shay TRA Litman,17,2021,"genre:""Hip-Hop""",0.798,0.42,0,-11.651,1,0.346,0.107,0.0,0.112,0.704,125.922
Ken Je Dat,Jiggy Djé,28,2006,"genre:""Hip-Hop""",0.861,0.557,1,-7.812,1,0.254,0.065,7.22e-05,0.171,0.71,85.472
Flying Legend,CHXPO,6,2017,"genre:""Hip-Hop""",0.764,0.656,1,-7.333,1,0.239,0.066,0.0,0.0806,0.35,153.014
Giddem,Burna Boy,39,2018,"genre:""Hip-Hop""",0.785,0.777,7,-6.211,1,0.248,0.0697,0.0,0.155,0.396,96.88
Roaches,Maxo Kream,51,2018,"genre:""Hip-Hop""",0.795,0.583,6,-6.442,1,0.336,0.588,0.0,0.142,0.332,82.016
PURE (with Meron T),El Londo,19,2023,"genre:""Hip-Hop""",0.779,0.522,4,-7.785,0,0.0621,0.677,0.161,0.0948,0.541,104.981
Rayon de soleil,Saké,39,2020,"genre:""Hip-Hop""",0.544,0.717,2,-7.196,1,0.626,0.235,0.0,0.303,0.215,84.373
B.I.B.O.,Dardan,29,2021,"genre:""Hip-Hop""",0.827,0.699,4,-4.802,0,0.0415,0.285,0.00915,0.3,0.806,136.996
La Pena Va por Dentro,Little Pepe,30,2016,"genre:""Hip-Hop""",0.645,0.611,5,-5.527,0,0.138,0.261,2.87e-05,0.293,0.862,81.022
rubinowe wino,Kuban,59,2023,"genre:""Hip-Hop""",0.884,0.625,10,-7.875,0,0.238,0.207,0.0,0.0984,0.406,100.016
No pienso bajar,Kraneando Actividad,3,2017,"genre:""Hip-Hop""",0.718,0.661,2,-5.437,1,0.219,0.301,0.0,0.103,0.818,93.004
JOHN 3:30,NXTMIKE,29,2021,"genre:""Hip-Hop""",0.745,0.517,10,-10.033,0,0.202,0.53,0.00785,0.101,0.179,111.94
Shine,Buddy,19,2019,"genre:""Hip-Hop""",0.7,0.65,1,-6.917,1,0.128,0.000107,0.0,0.254,0.445,138.994
Just Incase,Dann Dib,9,2023,"genre:""Hip-Hop""",0.726,0.574,6,-6.691,1,0.192,0.817,3.59e-06,0.199,0.616,83.938
"Leah, Pt. 2",Toosii,23,2019,"genre:""Hip-Hop""",0.413,0.58,8,-8.563,0,0.286,0.137,0.0,0.222,0.358,75.944
"Morena, Vol. 2",ILUMINATIK BUFFON,23,2022,"genre:""Hip-Hop""",0.908,0.715,5,-8.935,0,0.245,0.143,0.00476,0.12,0.656,88.994
Wieść,Kasta,7,2011,"genre:""Hip-Hop""",0.789,0.651,1,-5.924,1,0.387,0.39,4.66e-06,0.152,0.843,93.064
Snow - Slowed + Reverb,Drup,8,2020,"genre:""Hip-Hop""",0.634,0.453,8,-11.514,1,0.218,0.192,0.00927,0.096,0.0547,131.52
El Orgullo Nos Mata,Homiecidio Bando,30,2012,"genre:""Hip-Hop""",0.838,0.68,5,-7.257,0,0.255,0.146,0.0,0.115,0.601,92.015
Jeep music,Bassi Maestro,13,2001,"genre:""Hip-Hop""",0.938,0.625,10,-6.72,1,0.397,0.309,0.0,0.17,0.75,98.018
CHOKE,VI The Law,1,2023,"genre:""Hip-Hop""",0.611,0.566,8,-10.558,1,0.404,0.305,2.54e-06,0.131,0.615,73.556
L'allumeur de mèche,Sefyu,4,2010,"genre:""Hip-Hop""",0.82,0.935,7,-3.445,0,0.275,0.344,0.0,0.49,0.709,79.993
Rockstar,Einár,57,2020,"genre:""Hip-Hop""",0.892,0.643,4,-6.931,0,0.157,0.0161,1.2e-06,0.118,0.243,102.008
"Kreyzii Night, Pt. 3",MaxyPresko,39,2022,"genre:""Hip-Hop""",0.879,0.69,8,-8.273,1,0.308,0.0608,0.0,0.369,0.634,120.076
loqkat e mija,Tingulli Trent,8,2011,"genre:""Hip-Hop""",0.773,0.532,1,-7.28,1,0.355,0.298,0.0,0.0447,0.965,191.997
NOWY DZIEŃ,Asster,51,2022,"genre:""Hip-Hop""",0.78,0.618,4,-9.135,1,0.29,0.234,0.0,0.166,0.643,140.118
People Everyday - Metamorphosis Mix,Arrested Development,7,2019,"genre:""Hip-Hop""",0.844,0.61,10,-10.675,1,0.216,0.00748,0.0,0.563,0.727,91.117
04 to juz nie 95 (gościnnie Pezet),Onar,2,2004,"genre:""Hip-Hop""",0.839,0.663,11,-2.44,0,0.183,0.165,0.0,0.09,0.703,97.491
PLACEBO,$OHO BANI,20,2022,"genre:""Hip-Hop""",0.78,0.745,9,-6.739,1,0.041,0.0555,0.0,0.0824,0.766,129.998
Swear to God,Guapdad 4000,1,2021,"genre:""Hip-Hop""",0.569,0.538,6,-8.759,0,0.277,0.0341,0.0,0.157,0.513,140.847
Intenzioni Serie,Tormento,1,2013,"genre:""Hip-Hop""",0.609,0.699,9,-5.326,0,0.118,0.299,0.00275,0.22,0.438,86.988
Lof mér að falla,Haukur H,13,2019,"genre:""Hip-Hop""",0.862,0.859,1,-5.019,1,0.221,0.0609,0.0,0.0811,0.836,95.0
Stoner - Wax Motif Remix,Young Thug,9,2014,"genre:""Hip-Hop""",0.817,0.538,6,-7.343,1,0.0498,0.00909,0.081,0.0976,0.586,125.981
Ouais,DTF,19,2016,"genre:""Hip-Hop""",0.743,0.784,8,-6.61,0,0.102,0.148,0.0,0.122,0.228,100.012
2 Tazas,Recycled J,1,2020,"genre:""Hip-Hop""",0.787,0.781,7,-4.814,1,0.244,0.266,0.0,0.168,0.785,177.994
Wet Jumper 2,24Lik,34,2023,"genre:""Hip-Hop""",0.686,0.59,6,-11.019,0,0.292,0.00179,0.0,0.11,0.384,85.086
Mace Windu,KXNG Crooked,7,2017,"genre:""Hip-Hop""",0.639,0.674,2,-9.804,1,0.948,0.128,0.0,0.0982,0.352,161.893
Your Eyes Are Bleeding,Princess Nokia,25,2018,"genre:""Hip-Hop""",0.735,0.617,0,-7.956,1,0.0435,0.416,0.0,0.11,0.492,132.945
When I Get To Heaven - Remix,Ice Cube,18,1994,"genre:""Hip-Hop""",0.634,0.7,1,-4.743,1,0.0703,0.115,7.34e-06,0.0684,0.69,171.587
Fury,Django,40,2020,"genre:""Hip-Hop""",0.916,0.527,1,-6.417,1,0.561,0.0983,0.0,0.0618,0.118,130.048
Chera Man,Zakhmi,6,2018,"genre:""Hip-Hop""",0.515,0.466,9,-8.07,1,0.188,0.498,0.0,0.171,0.333,82.96
Biashara - Biashara Remix,Stella Mwangi,14,2013,"genre:""Hip-Hop""",0.659,0.672,1,-9.325,1,0.357,0.0272,0.0,0.587,0.609,97.956
I Love but It Hurts,Dargen D'Amico,4,2008,"genre:""Hip-Hop""",0.819,0.632,9,-10.347,0,0.0829,0.0554,9.93e-06,0.038,0.248,120.017
En pleine tempête,Le Gouffre,17,2015,"genre:""Hip-Hop""",0.657,0.664,1,-7.963,1,0.376,0.139,0.0,0.33,0.749,86.704
Farewell to Shaman,Spectateur,21,2021,"genre:""Hip-Hop""",0.649,0.392,8,-11.243,0,0.0558,0.123,0.829,0.433,0.576,82.027
"Die Snordaksons, Teil 2",Fünf Sterne deluxe,0,2014,"genre:""Hip-Hop""",0.571,0.504,2,-14.533,1,0.456,0.743,0.00278,0.534,0.294,111.343
Come Around,The Foreign Exchange,30,2004,"genre:""Hip-Hop""",0.693,0.325,10,-5.831,1,0.124,0.874,0.00111,0.138,0.483,96.088
Kriget mellan hjärnan och hjärtat,Andrea Lundquist,9,2020,"genre:""Pop""",0.729,0.512,2,-6.994,1,0.0666,0.373,0.000187,0.158,0.431,135.932
Ou Pa Tousel,Pusso,6,2019,"genre:""Pop""",0.537,0.624,6,-3.216,0,0.343,0.337,0.0,0.0772,0.684,181.564
Dumb for You - Orchestral Version,The Symphonic Pops,0,2014,"genre:""Pop""",0.375,0.353,8,-9.73,0,0.0319,0.856,0.524,0.228,0.359,101.794
Tengo una Bandera,Serenata Guayanesa,0,2006,"genre:""Pop""",0.474,0.417,0,-10.029,0,0.0559,0.917,0.0,0.289,0.722,74.581
Der einzige Weg,Sido,32,2016,"genre:""Pop""",0.747,0.607,1,-8.202,1,0.161,0.169,0.0,0.259,0.453,83.993
O Ageranos Tis Parou,Giannis Parios,4,1992,"genre:""Pop""",0.708,0.397,6,-11.868,0,0.0476,0.671,0.0,0.255,0.961,127.212
Tô Disponível,Mano Walter,21,2019,"genre:""Pop""",0.534,0.939,1,-2.522,0,0.084,0.222,0.0,0.347,0.854,163.426
Kisimiileraangama,Piitannguaq Møller,15,2022,"genre:""Pop""",0.544,0.502,7,-7.188,1,0.0273,0.0916,0.00449,0.136,0.287,119.999
魚兒那裡來,鍾玲玲,0,2015,"genre:""Pop""",0.395,0.309,9,-11.261,0,0.0309,0.861,0.0,0.103,0.346,121.218
O vento noturno do verão,Nando Reis,17,1995,"genre:""Pop""",0.694,0.858,9,-4.973,1,0.0326,0.308,0.0,0.444,0.961,128.126
Nikad nije kasno,Igor Delac,4,2020,"genre:""Pop""",0.636,0.851,0,-4.967,1,0.0639,0.0659,0.0,0.309,0.374,98.968
Mobius Strip,Salami Rose Joe Louis,18,2017,"genre:""Pop""",0.253,0.415,6,-10.928,0,0.0441,0.971,0.462,0.323,0.0768,177.377
Mouthful of Blood,Juliana Hatfield,18,2021,"genre:""Pop""",0.461,0.62,11,-8.22,1,0.0316,0.241,0.43,0.141,0.479,159.874
Amores como el nuestro (Salsa),Jerry Rivera,59,2010,"genre:""Pop""",0.692,0.769,0,-7.002,1,0.0499,0.457,0.0992,0.0413,0.603,179.353
Frontiere chiuse,Alida Ferrarese,0,2008,"genre:""Pop""",0.593,0.6,11,-8.37,1,0.035,0.432,0.0,0.166,0.485,118.024
The Mayfly,Millencolin,34,2000,"genre:""Pop""",0.532,0.984,4,-3.012,1,0.0724,0.00413,0.0,0.468,0.723,142.314
Hoa Trinh Nữ,Phương Dung,6,2023,"genre:""Pop""",0.545,0.285,8,-10.302,1,0.0297,0.794,8.95e-06,0.128,0.429,81.577
Splinter,Man Overboard,14,2015,"genre:""Pop""",0.524,0.967,8,-3.738,1,0.0528,2.87e-05,0.0109,0.158,0.647,109.497
there are no same goodbyes,Min Kyunghoon,6,2010,"genre:""Pop""",0.378,0.635,0,-5.982,1,0.0452,0.495,0.0,0.0894,0.2,69.319
Leszállt A Csendes Éj,Koós János,3,2007,"genre:""Pop""",0.253,0.379,0,-10.161,1,0.0471,0.873,0.00119,0.133,0.216,80.163
Halaren,Dani M,8,2014,"genre:""Pop""",0.698,0.311,1,-14.336,1,0.836,0.636,0.0,0.703,0.794,56.078
Vel bekomme,KØBER,16,2023,"genre:""Pop""",0.478,0.757,7,-9.223,0,0.402,0.482,0.0031,0.366,0.432,73.798
What A God You Are,Andrea Olson,24,2022,"genre:""Pop""",0.502,0.642,3,-6.937,1,0.031,0.0517,4.34e-05,0.317,0.222,144.072
Como El Halcón,José Velez,4,1991,"genre:""Pop""",0.438,0.444,8,-12.501,0,0.045,0.803,0.0,0.18,0.212,103.668
Vlla e Moter,Merita Latifi,23,2022,"genre:""Pop""",0.456,0.769,7,-4.956,0,0.0637,0.199,1.28e-05,0.369,0.868,150.009
Bróðir,Úlfur Úlfur,25,2017,"genre:""Pop""",0.717,0.77,2,-3.42,0,0.32,0.101,0.0,0.086,0.492,88.965
내곁에 와요,Yang Hee Eun,1,1990,"genre:""Pop""",0.683,0.199,0,-18.094,1,0.0399,0.745,0.0098,0.408,0.75,122.486
Газ в пол,GSPD,20,2019,"genre:""Pop""",0.856,0.951,11,-5.46,0,0.201,0.222,0.0,0.701,0.7,135.091
Девчонки танцуют на палубе,Maya Kristalinskaya,1,2017,"genre:""Pop""",0.629,0.313,7,-10.17,1,0.0468,0.944,0.0,0.173,0.764,81.824
Hoffnung,Die Fantastischen Vier,0,1999,"genre:""Pop""",0.76,0.532,2,-7.681,1,0.134,0.0104,4.09e-05,0.351,0.58,87.357
The Boy Is Mine,Brandy,20,2017,"genre:""Pop""",0.708,0.734,1,-5.505,0,0.037,0.328,0.000146,0.226,0.747,93.145
Mistake Like You,Sigrid,33,2022,"genre:""Pop""",0.328,0.501,8,-5.296,1,0.0332,0.269,0.0,0.155,0.118,117.309
Báilame - Remix,Nacho,0,2021,"genre:""Pop""",0.791,0.866,6,-4.236,1,0.0496,0.248,5.29e-06,0.0696,0.71,96.013
New York City Against Me,X35,0,2019,"genre:""Pop""",0.617,0.827,6,-3.73,1,0.05,0.000223,0.000101,0.0371,0.521,119.947
V Jiný Posteli,AJ Brix,22,2023,"genre:""Pop""",0.715,0.544,6,-5.771,0,0.0346,0.0314,0.00342,0.548,0.317,93.017
เกลียด,Tong Pukkaramai,4,2005,"genre:""Pop""",0.619,0.527,1,-8.13,0,0.0331,0.395,7.91e-05,0.105,0.435,147.834
Y Volvere,José Feliciano,5,2000,"genre:""Pop""",0.41,0.394,3,-14.582,0,0.0449,0.499,0.0,0.0997,0.532,77.532
Slayer (Slowed + Reverb),Bryce Savage,40,2023,"genre:""Pop""",0.499,0.503,1,-10.127,1,0.333,0.424,0.0,0.122,0.456,105.119
Milovanie v dazdi,Richard Muller,8,2008,"genre:""Pop""",0.454,0.494,9,-7.448,0,0.0287,0.199,0.876,0.104,0.141,64.08
Mirapolis - Johannes Brecht Remix,Rone,6,2018,"genre:""Pop""",0.705,0.524,5,-12.836,0,0.0415,0.0324,0.388,0.149,0.0805,121.984
Uusia alkuja,Elias Gould,3,2022,"genre:""Pop""",0.572,0.826,11,-5.392,1,0.0551,0.0811,0.0,0.367,0.681,140.008
Desire,Drew Seeley,4,2015,"genre:""Pop""",0.709,0.696,10,-9.844,0,0.0403,0.00739,0.00363,0.436,0.938,95.988
Femer Shqiptare - Nu Remix,Arta Bajrami,1,2005,"genre:""Pop""",0.679,0.813,5,-2.964,1,0.0369,0.166,0.0861,0.136,0.57,90.0
Sa Fii Fericit - Beni Barath Remix,Alina Eremia,17,2020,"genre:""Pop""",0.676,0.698,7,-6.682,1,0.298,0.649,0.00129,0.415,0.559,100.156
多想在平庸的生活拥抱你 - 伴奏版,隔壁老樊,8,2019,"genre:""Pop""",0.68,0.36,2,-8.083,0,0.0293,0.553,0.925,0.121,0.165,115.949
Slipstream,Armin van Buuren,13,2014,"genre:""Pop""",0.45,0.788,9,-13.636,1,0.04,0.00084,0.908,0.152,0.0462,134.978
Cool Water - 2008 Remaster,The Replacements,13,1987,"genre:""Pop""",0.434,0.392,0,-11.224,1,0.0567,0.699,2.86e-05,0.604,0.203,185.952
I Can't Lie,Christopher Bill,13,2017,"genre:""Pop""",0.726,0.855,0,-5.4,0,0.188,0.0672,0.0,0.168,0.653,99.994
Despacito,Luis Fonsi,4,2023,"genre:""Pop""",0.659,0.796,2,-4.81,1,0.137,0.209,0.0,0.055,0.826,178.002
The greatest Love of all,Shunza,10,2001,"genre:""Pop""",0.47,0.284,7,-10.574,1,0.0313,0.895,3.69e-06,0.111,0.31,126.638
Sweetwood,The Ozark Mountain Daredevils,5,1977,"genre:""Country""",0.401,0.321,7,-14.189,1,0.0343,0.551,0.000274,0.13,0.451,146.783
Do It For Me,O'Shea,0,2017,"genre:""Country""",0.575,0.428,6,-7.703,1,0.0401,0.79,0.0,0.103,0.472,138.055
Don't Touch Me,Jeannie Seely,3,2021,"genre:""Country""",0.325,0.389,9,-6.795,1,0.0295,0.445,0.0,0.302,0.197,86.969
Hold on to My Heart,Bad Company,22,1992,"genre:""Country""",0.414,0.641,7,-10.538,1,0.0349,0.0164,0.00119,0.0773,0.416,200.141
METAGIRL (feat. Nessy the Rilla) - Remix,Sammy Arriaga,28,2023,"genre:""Country""",0.687,0.572,6,-7.024,0,0.0583,0.177,0.0,0.102,0.35,85.993
Cold Beer,Colt Ford,2,2018,"genre:""Country""",0.493,0.812,7,-5.043,1,0.0578,0.0666,0.0,0.186,0.922,184.989
Away in a Manger,Cody Johnson,7,2023,"genre:""Country""",0.581,0.335,7,-8.281,1,0.0246,0.596,0.0,0.183,0.42,100.01
Uneasy Rider,The Charlie Daniels Band,13,2004,"genre:""Country""",0.715,0.731,7,-9.546,1,0.0486,0.302,0.0,0.111,0.759,105.007
You're A Big Boy Now,The Lovin' Spoonful,14,1967,"genre:""Country""",0.65,0.623,3,-6.769,0,0.0481,0.517,2.29e-06,0.0655,0.724,133.677
Dance Card,Sykamore,2,2018,"genre:""Country""",0.59,0.927,10,-3.476,0,0.0294,0.00127,7.36e-05,0.332,0.718,96.98
When Prayers Go Up,Jason Allen,1,2020,"genre:""Country""",0.651,0.516,0,-6.714,1,0.0351,0.368,4.47e-06,0.106,0.549,116.911
Pick Me Up on Your Way Down,Harlan Howard,4,1965,"genre:""Country""",0.561,0.36,2,-14.358,1,0.0289,0.767,0.0137,0.183,0.912,141.957
Meant to Be Me - Acoustic,Ward Thomas,4,2020,"genre:""Country""",0.665,0.434,2,-5.417,1,0.0519,0.562,0.0,0.0649,0.731,172.007
Dream Girl,Granger Smith,9,2006,"genre:""Country""",0.698,0.447,7,-9.318,1,0.0284,0.483,1.76e-05,0.0874,0.338,123.997
Rodeo Drifter,Dave Dudley,1,2022,"genre:""Country""",0.426,0.277,0,-15.839,1,0.0313,0.928,0.0273,0.0843,0.531,80.882
Whatever Happened To,Granger Smith,7,2006,"genre:""Country""",0.489,0.78,4,-5.813,1,0.0698,0.267,0.0,0.146,0.879,77.785
Open Your Eyes,The Doobie Brothers,6,2015,"genre:""Country""",0.762,0.472,10,-11.848,0,0.0538,0.607,0.00604,0.0442,0.915,77.502
"Gone, Gone, Gone",Robert Mizzell,29,2016,"genre:""Country""",0.605,0.753,6,-5.746,1,0.0282,0.119,0.000256,0.358,0.93,96.538
That's Love To Me,Kenny Rogers,24,2023,"genre:""Country""",0.408,0.411,10,-8.369,1,0.029,0.643,0.0,0.102,0.443,174.033
Maggie,Brendan Quinn,5,2013,"genre:""Country""",0.518,0.54,2,-8.399,1,0.0251,0.247,3.92e-05,0.122,0.684,76.692
All Night Talk Radio,John Mellencamp,19,2017,"genre:""Country""",0.676,0.639,6,-9.364,1,0.0326,0.381,6.66e-06,0.169,0.631,129.343
Every Road,Jeremy McComb,10,2022,"genre:""Country""",0.517,0.808,7,-5.694,1,0.0366,0.00325,1.51e-06,0.225,0.363,137.926
John Barleycorn (Must Die),Traffic,1,2006,"genre:""Country""",0.361,0.279,2,-10.203,1,0.03,0.806,9.39e-06,0.159,0.384,162.962
Slippin Away,Barbara Fairchild,0,2010,"genre:""Country""",0.742,0.101,0,-20.997,1,0.111,0.905,0.117,0.111,0.58,136.06
Rollin' In My Sweet Baby's Arms - Live,Leon Russell,0,2013,"genre:""Country""",0.372,0.799,4,-12.795,0,0.0887,0.753,2.89e-05,0.968,0.693,156.464
"My Baby Worships Me - Live In Raleigh, NC / 1987",Steve Earle,9,2008,"genre:""Country""",0.477,0.635,9,-10.859,1,0.0701,0.294,0.000219,0.271,0.689,144.899
(I'm) Going Home,Hank Williams,13,1998,"genre:""Country""",0.665,0.305,7,-9.927,1,0.0334,0.867,0.46,0.406,0.803,114.533
Not Until the Next Time,Seamus McGee,0,2013,"genre:""Country""",0.397,0.351,5,-12.843,1,0.0325,0.957,0.00448,0.392,0.623,111.585
Worth a Shot,Aaron Pritchett,2,2019,"genre:""Country""",0.576,0.857,8,-6.115,1,0.0536,0.00952,0.0,0.284,0.757,120.04
Mr. Wolf And Mamabear,Robert Earl Keen,4,2007,"genre:""Country""",0.593,0.645,5,-8.344,1,0.033,0.287,0.0,0.261,0.644,104.234
Seven Daffodils,Jonathan Edwards,0,2008,"genre:""Country""",0.406,0.394,1,-15.501,0,0.0384,0.815,0.0591,0.676,0.338,92.768
Au temps de la bonne chanson,Maxime Landry,12,2020,"genre:""Country""",0.337,0.814,2,-6.521,1,0.0674,0.649,0.0,0.121,0.42,117.161
Smoke 'Em If You Got 'Em,Dustin Huff,4,2016,"genre:""Country""",0.57,0.69,7,-6.655,1,0.0692,0.043,0.000515,0.206,0.684,152.003
Sainte Nuit,Roch Voisine,30,1999,"genre:""Country""",0.454,0.329,5,-8.56,1,0.0258,0.716,1.66e-06,0.106,0.191,93.896
You’ll Think Of Me,Keith Urban,58,2002,"genre:""Country""",0.581,0.49,2,-10.657,1,0.0355,0.366,7.51e-06,0.101,0.454,82.881
Alright Blue? / Country Hat (Reprise),Climax Blues Band,0,1970,"genre:""Country""",0.391,0.595,2,-10.563,1,0.0321,0.66,0.828,0.0672,0.653,111.235
Víc Než Sám Si Přizná,Pavel Bobek,1,1992,"genre:""Country""",0.624,0.404,7,-13.438,1,0.0384,0.547,2.35e-06,0.173,0.738,124.076
"Love, Me",Collin Raye,56,1991,"genre:""Country""",0.686,0.234,0,-12.646,1,0.0295,0.742,0.0,0.145,0.342,106.581
A Prayer On Your Lips Is Like Freedom In Your Hands,Lefty Frizzell,0,1966,"genre:""Country""",0.529,0.26,0,-14.201,1,0.0339,0.775,0.0108,0.13,0.575,103.968
Only When I Smile,Carl & Pearl Butler,1,1965,"genre:""Country""",0.68,0.374,10,-11.758,1,0.031,0.811,7.6e-05,0.11,0.829,126.74
Queen of the Silver Dollar,Suzanne Prentice,0,2013,"genre:""Country""",0.724,0.445,0,-13.798,1,0.035,0.386,0.0,0.0567,0.789,113.095
Can't Help Myself,Emily Hackett,8,2020,"genre:""Country""",0.414,0.643,2,-7.776,1,0.0388,0.0433,0.0,0.0887,0.486,163.663
She's A Solid Killer Diller,Tampa Red,0,1993,"genre:""Country""",0.557,0.234,7,-12.685,1,0.0539,0.989,0.0169,0.154,0.792,91.938
Jingle Jangle Jingle (I've Got Spurs) - Live,Lacy J. Dalton,0,2015,"genre:""Country""",0.657,0.616,9,-6.78,1,0.0678,0.643,0.0,0.577,0.563,83.658
All You Really Need Is Love,John McNicholl,5,2004,"genre:""Country""",0.74,0.717,2,-6.902,1,0.033,0.533,0.0,0.266,0.837,106.518
FTF,F.T.PRIM,0,2011,"genre:""Country""",0.825,0.447,7,-11.285,1,0.0682,0.781,0.00136,0.123,0.904,115.998
Me And Bobby McGee - Live,Willie Nelson,19,2020,"genre:""Country""",0.235,0.739,9,-9.126,1,0.0552,0.283,0.0218,0.974,0.402,168.256
Jambalaya,Drifting Cowboys,0,2011,"genre:""Country""",0.404,0.324,7,-16.345,1,0.0519,0.964,0.571,0.156,0.803,198.491
Ever The Dark,Rodney Crowell,20,2023,"genre:""Country""",0.521,0.688,0,-7.116,1,0.0426,0.288,0.0294,0.0887,0.784,167.697
A Wound Time Can't Erase,Claude Gray,1,2005,"genre:""Country""",0.673,0.201,11,-19.348,1,0.0341,0.539,0.402,0.109,0.269,109.385
Ya No Quiero Ná,Lola Indigo,0,2023,"genre:""Latin""",0.847,0.467,2,-7.178,1,0.171,0.12,7.6e-05,0.0803,0.367,129.004
Los Niños de Holanda,Conjunto Pro Musica De Rosario,4,1981,"genre:""Latin""",0.361,0.0435,7,-21.483,1,0.0526,0.994,0.0416,0.117,0.741,142.445
tqum,Sofía Reyes,4,2023,"genre:""Latin""",0.792,0.718,5,-5.032,0,0.0503,0.0917,0.0243,0.0774,0.522,132.06
Esta Noche De Luna,Osvaldo Pugliese,3,2003,"genre:""Latin""",0.431,0.26,10,-12.982,1,0.0447,0.894,0.0,0.316,0.321,107.412
Electric Noise,Oscar L,19,2019,"genre:""Latin""",0.766,0.882,4,-8.69,0,0.106,0.0366,0.923,0.103,0.201,126.027
Sin la Memoria,Yuridia,27,2015,"genre:""Latin""",0.739,0.932,10,-2.795,0,0.0415,0.0829,0.0,0.252,0.862,117.948
Cuando Sale El Sol,Tito Rodriguez,23,1963,"genre:""Latin""",0.598,0.859,10,-5.35,0,0.0579,0.763,2.83e-06,0.0779,0.888,105.531
Pa la Calle,Mexican Institute Of Sound,4,2018,"genre:""Latin""",0.821,0.905,1,-7.642,1,0.0962,0.0285,0.00261,0.06,0.963,109.964
Brasil Me,Angel Heredia,3,2017,"genre:""Latin""",0.738,0.856,4,-5.114,1,0.0534,0.00994,0.899,0.0875,0.173,125.004
Demonio,4x3,36,2019,"genre:""Latin""",0.729,0.538,2,-12.817,1,0.057,0.0177,0.0,0.169,0.622,119.979
Grab You Axe Max - Alternate,Stan Getz,6,2022,"genre:""Latin""",0.599,0.177,0,-15.44,1,0.0502,0.979,0.207,0.108,0.56,162.284
Driver,Andres Blows,31,2013,"genre:""Latin""",0.805,0.947,11,-5.19,0,0.0486,8.24e-05,0.838,0.374,0.886,127.012
Ojitos Chiquitos,Don Omar,1,2023,"genre:""Latin""",0.8,0.849,1,-3.245,0,0.241,0.0216,6.75e-05,0.187,0.804,170.211
La Calavera,Bersuit Vergarabat,27,2004,"genre:""Latin""",0.372,0.777,4,-3.488,0,0.0403,0.0011,0.0,0.108,0.207,172.038
Amén,Ricardo Montaner,44,2021,"genre:""Latin""",0.555,0.402,0,-8.443,1,0.0314,0.628,0.0,0.0457,0.167,91.998
Vuelan Palos - En Vivo,La Vela Puerca,32,2017,"genre:""Latin""",0.586,0.688,9,-7.02,0,0.0363,0.0819,0.000162,0.306,0.555,99.025
Laberintos,División Minúscula,33,2022,"genre:""Latin""",0.166,0.969,9,-5.107,0,0.07,0.00377,0.0,0.15,0.709,215.513
El Mismo Sol - Operación Triunfo 2017,Alfred García,13,2017,"genre:""Latin""",0.744,0.806,6,-5.972,0,0.0315,0.318,0.0,0.0815,0.891,113.024
No Es Normal,Dímelo Flow,35,2022,"genre:""Latin""",0.807,0.643,1,-4.605,1,0.0596,0.0429,0.0008,0.0183,0.718,164.021
Jump - Beat Pharmacy Remix,Sabo,1,2006,"genre:""Latin""",0.888,0.782,1,-11.889,1,0.0757,0.0675,0.765,0.603,0.968,120.013
Lago en el Cielo,Gustavo Cerati,36,2015,"genre:""Latin""",0.536,0.821,7,-5.608,1,0.0294,0.000106,0.00711,0.242,0.538,128.009
Jumping' with Symphony Sid,Hilton Ruiz,2,2007,"genre:""Latin""",0.398,0.537,2,-6.545,0,0.0287,0.764,0.398,0.33,0.586,164.963
Yo Tengo un Amigo,Grupo Nueva Vida,36,2014,"genre:""Latin""",0.684,0.694,2,-7.462,1,0.0266,0.442,0.0758,0.165,0.962,139.106
Flamingo,Guille Placencia,12,2021,"genre:""Latin""",0.804,0.753,11,-7.382,0,0.0719,0.00352,0.807,0.0819,0.584,128.002
Sálvame,RBD,0,2023,"genre:""Latin""",0.399,0.655,6,-6.262,1,0.0247,0.042,3.1e-06,0.067,0.252,74.241
Elena,Sebastian Yatra,47,2019,"genre:""Latin""",0.414,0.44,4,-8.705,1,0.26,0.302,0.0,0.322,0.478,171.873
Malecón,La BOA,4,2019,"genre:""Latin""",0.851,0.73,4,-9.614,0,0.094,0.0343,0.692,0.0328,0.538,120.002
Track F-1,Espectroplasma,1,2018,"genre:""Latin""",0.33,0.989,10,-5.803,1,0.0732,0.0173,0.697,0.375,0.454,182.672
Cosa Linda/Clara - En Vivo,No Te Va Gustar,36,2005,"genre:""Latin""",0.539,0.575,11,-8.412,0,0.0311,0.653,0.0027,0.251,0.48,87.781
El Panóptico,Shaila,9,2010,"genre:""Latin""",0.393,0.991,10,-2.866,1,0.0616,0.0012,0.0,0.234,0.634,169.98
La Gatita Carlota,Sari Cucien,6,2003,"genre:""Latin""",0.592,0.295,7,-13.455,0,0.0296,0.768,2.32e-06,0.205,0.558,135.186
5 Preludes: No. 1 In E Minor,Heitor Villa-Lobos,1,2020,"genre:""Latin""",0.422,0.169,4,-20.381,0,0.0433,0.981,0.887,0.0848,0.251,123.039
Tocar el Fondo,Say Ocean,25,2022,"genre:""Latin""",0.471,0.858,5,-4.494,1,0.0615,0.072,0.0,0.187,0.543,109.814
DIVA,Mariah Angeliq,0,2023,"genre:""Latin""",0.747,0.75,2,-4.009,1,0.0486,0.0644,0.000231,0.218,0.351,98.052
Fiesta - Remix,Bomba Estéreo,36,2016,"genre:""Latin""",0.53,0.918,4,-2.534,0,0.139,0.00817,0.000286,0.377,0.356,122.783
Como Fue,Beny Moré,2,2022,"genre:""Latin""",0.55,0.406,10,-7.062,1,0.0325,0.517,0.221,0.255,0.365,98.007
La Trampa,KEVIN ROLDAN,22,2018,"genre:""Latin""",0.852,0.64,2,-4.507,0,0.0395,0.13,5.01e-06,0.235,0.759,103.027
The Clock,Renizance,14,2023,"genre:""Latin""",0.686,0.529,9,-9.572,1,0.193,0.048,0.0,0.129,0.807,177.957
A Tu Manera,Funky,35,2022,"genre:""Latin""",0.668,0.84,6,-4.732,0,0.0578,0.0582,0.0,0.139,0.472,120.156
Para Machuchar Meu Coracao,Stan Getz,48,1989,"genre:""Latin""",0.612,0.156,3,-15.823,1,0.0396,0.962,0.0026,0.102,0.415,131.09
Temblando en la Oscuridad,Abraham Mateo,21,2016,"genre:""Latin""",0.613,0.633,9,-8.093,1,0.0447,0.216,0.0,0.146,0.537,126.002
Cielito Lindo,Bobby Rodriguez y La Compania,3,1978,"genre:""Latin""",0.73,0.803,9,-4.105,0,0.0438,0.863,0.58,0.241,0.917,103.476
To' Los Dias,Remers,30,2023,"genre:""Latin""",0.673,0.643,4,-5.274,0,0.224,0.119,0.0,0.0838,0.293,180.115
3 A.M.,Jesse & Joy,2,2023,"genre:""Latin""",0.702,0.84,0,-3.547,1,0.0883,0.0112,0.0,0.119,0.624,101.99
Quién Entiende A Las Mujeres,Pepe Aguilar,40,2004,"genre:""Latin""",0.504,0.318,2,-7.164,1,0.0267,0.809,0.0,0.632,0.489,89.875
Hasta Abajo,Don Omar,5,2020,"genre:""Latin""",0.759,0.885,7,-4.516,1,0.0636,0.351,3.68e-05,0.468,0.673,89.966
Mujer,José Luis Rodríguez,4,2014,"genre:""Latin""",0.34,0.555,0,-7.769,1,0.0386,0.726,0.0,0.155,0.267,120.404
Bello Imposible,Alejandra Guzman,16,1991,"genre:""Latin""",0.663,0.755,2,-10.923,1,0.0502,0.512,0.0,0.33,0.621,103.167
Como Vez Primera,Esteman,0,2023,"genre:""Latin""",0.686,0.664,0,-7.766,1,0.0484,0.176,0.0,0.122,0.778,173.937
Olhe-Se,Karol Conká,2,2013,"genre:""Latin""",0.668,0.581,2,-7.332,1,0.0411,0.000242,0.0546,0.423,0.376,144.994
My Execution,The Good The Bad and The Zugly,7,2017,"genre:""Rock""",0.159,0.709,0,-6.091,1,0.0413,5.68e-05,0.00747,0.408,0.36,144.378
Shoe on the Other Foot (Live),Alastair Greene,3,2018,"genre:""Rock""",0.372,0.697,5,-7.358,1,0.0514,0.149,0.118,0.976,0.484,98.619
I'm Tore Down,Gary Moore,23,2021,"genre:""Rock""",0.476,0.922,7,-3.872,1,0.121,0.0125,0.0965,0.348,0.682,131.012
Las Napalmas,Aiming for Enrike,2,2017,"genre:""Rock""",0.5,0.846,1,-8.358,1,0.0628,0.0368,0.795,0.666,0.807,151.2
You Lord - Pray For Rain Album Version,PFR,2,2006,"genre:""Rock""",0.61,0.739,4,-8.238,0,0.0455,0.0111,2.07e-06,0.0888,0.604,136.676
כמו חצר גדולה,Shlomo Artzi,13,1988,"genre:""Rock""",0.508,0.266,11,-12.03,0,0.0312,0.886,0.0,0.114,0.175,88.461
Всё будет ок,KDRR,4,2020,"genre:""Rock""",0.546,0.768,7,-6.266,0,0.212,0.0064,0.0,0.348,0.84,179.86
Lady of My Morning,Forgotten Boys,2,2000,"genre:""Rock""",0.3,0.638,9,-9.321,1,0.0319,0.0397,4.16e-06,0.432,0.39,88.732
High And Low,Empire of the Sun,0,2023,"genre:""Rock""",0.513,0.768,1,-4.673,1,0.0451,0.0213,3.06e-06,0.0918,0.324,126.912
I'll Reach out for You,Caravan,5,2021,"genre:""Rock""",0.372,0.494,4,-9.236,1,0.0385,0.0877,0.0308,0.171,0.43,117.428
Man On The Moon,Phillip Phillips,42,2012,"genre:""Rock""",0.552,0.729,6,-6.234,0,0.0274,0.075,1.24e-06,0.108,0.402,89.934
Ayeb,Serge Teyssot-Gay,4,2004,"genre:""Rock""",0.718,0.56,4,-10.556,0,0.0269,0.72,0.879,0.111,0.859,100.39
Hawaiian Boogie,Chuck E. Weiss,6,2018,"genre:""Rock""",0.482,0.848,2,-7.135,1,0.0654,0.000208,0.582,0.131,0.556,95.949
Auslander,Living Colour,18,1993,"genre:""Rock""",0.558,0.94,1,-7.161,1,0.0542,0.00211,0.0084,0.283,0.509,141.874
Circles,Sonicflood,5,2008,"genre:""Rock""",0.521,0.743,0,-5.35,0,0.0402,0.0389,1.55e-05,0.138,0.341,121.994
No Solution Dub,Sugar Minott,6,2022,"genre:""Rock""",0.68,0.642,8,-9.786,0,0.0655,0.00525,0.826,0.0872,0.312,143.99
Opera of the Wasteland,Roselia,15,2018,"genre:""Rock""",0.479,0.955,6,-1.702,1,0.0662,0.00821,0.0,0.108,0.324,134.992
I Can't Make You Love Me,Neal Schon,19,2001,"genre:""Rock""",0.555,0.276,10,-10.606,1,0.0297,0.641,0.383,0.237,0.161,123.937
Defilada,SBB,1,2009,"genre:""Rock""",0.264,0.56,0,-8.867,1,0.0325,0.00617,0.573,0.111,0.0587,104.14
Il tempo quanto tempo,Giorgio Gaber,3,1985,"genre:""Rock""",0.442,0.531,4,-7.16,1,0.0331,0.558,0.000109,0.655,0.104,121.074
昭和ヒーロー大全集 - シングルバージョン カラオケ,Newrotica,0,2017,"genre:""Rock""",0.462,0.971,0,-4.248,1,0.0457,0.000222,0.402,0.315,0.665,98.019
Annie Told Me,The Motels,9,1985,"genre:""Rock""",0.615,0.403,0,-15.282,1,0.0279,0.0959,1.71e-05,0.0595,0.351,140.095
"O Come, O Come Emmanuel",Jeremy Camp,20,2021,"genre:""Rock""",0.228,0.462,4,-7.375,0,0.0345,0.105,0.0,0.306,0.188,137.256
Nur du,L'âme Immortelle,6,2006,"genre:""Rock""",0.548,0.893,10,-4.238,0,0.0478,0.00673,0.0,0.0797,0.611,139.931
Crazy for Your Love - Re-Recorded,Exile,0,2014,"genre:""Rock""",0.768,0.465,7,-9.592,1,0.0271,0.676,5.13e-06,0.199,0.783,111.989
Barbara Ann,The Beach Boys,63,1975,"genre:""Rock""",0.581,0.669,6,-3.659,1,0.0385,0.19,0.0,0.243,0.926,78.073
Mercy Now,Derri Daugherty,1,2016,"genre:""Rock""",0.365,0.383,6,-8.834,1,0.0313,0.912,0.0848,0.146,0.173,157.997
Aida,Tři Sestry,5,2015,"genre:""Rock""",0.557,0.892,2,-2.638,1,0.038,0.0154,0.0,0.523,0.698,135.031
Rock A Shacka,Hopeton Lewis,21,2012,"genre:""Rock""",0.826,0.516,0,-8.586,0,0.111,0.836,0.0081,0.109,0.689,81.44
Wait,Dr. Arthur Krause,2,2010,"genre:""Rock""",0.569,0.491,0,-9.598,1,0.0284,0.0771,0.00783,0.0745,0.27,94.013
Trail of Tears,Clannad,27,1996,"genre:""Rock""",0.587,0.44,0,-14.141,0,0.028,0.809,0.552,0.079,0.327,114.989
Pamela - Live,TOTO,25,2014,"genre:""Rock""",0.505,0.889,5,-6.393,1,0.0583,0.0603,1.17e-05,0.97,0.468,99.083
Hei hei heinäkuu - Acoustic,Mokoma,15,2011,"genre:""Rock""",0.662,0.609,4,-7.412,1,0.0277,0.358,0.0,0.105,0.451,97.975
Bitoka,Ivo Meirelles,1,2021,"genre:""Rock""",0.664,0.772,7,-6.129,1,0.181,0.553,4.03e-06,0.271,0.669,194.031
Saint Sauveur II,La Souris Déglinguée,20,2011,"genre:""Rock""",0.242,0.53,9,-12.871,1,0.0347,0.36,0.0,0.0817,0.874,88.009
Estaré,DLD,18,2015,"genre:""Rock""",0.566,0.912,11,-3.181,1,0.0357,0.0436,0.0,0.223,0.715,138.009
La Burrita,Simón Díaz,0,2012,"genre:""Rock""",0.677,0.892,11,-5.86,1,0.136,0.802,0.0107,0.571,0.954,141.475
Mejor Ya No,Mœnia,16,2012,"genre:""Rock""",0.581,0.92,10,-4.176,0,0.057,0.0136,0.000461,0.12,0.716,125.067
Baumkuchen,go!go!vanillas,2,2020,"genre:""Rock""",0.416,0.867,1,-2.785,1,0.0502,7.41e-05,1.38e-05,0.266,0.607,110.048
Danger Zone - 2004 Remaster,Black Sabbath,25,1986,"genre:""Rock""",0.451,0.917,5,-7.734,0,0.0659,0.0467,0.00203,0.353,0.233,138.826
Спрос рождает предложение,Distemper,4,2005,"genre:""Rock""",0.768,0.96,0,-5.487,1,0.0862,0.093,8.5e-05,0.0207,0.936,99.952
Suspense,LosPetitFellas,8,2016,"genre:""Rock""",0.515,0.636,4,-8.398,0,0.101,0.0267,0.00147,0.138,0.387,87.576
Stranding,When Waves Collide,8,2021,"genre:""Rock""",0.265,0.289,2,-15.075,0,0.0373,0.641,0.847,0.0834,0.031,160.056
Get Better,Old Mervs,29,2022,"genre:""Rock""",0.598,0.867,5,-5.513,1,0.0484,0.000897,0.0,0.0724,0.702,143.921
Ceguera,Elefreak,1,2010,"genre:""Rock""",0.37,0.898,7,-4.613,1,0.0548,0.0168,0.00167,0.356,0.518,164.872
Head Over Boots,Jon Pardi,77,2016,"genre:""Rock""",0.563,0.688,7,-4.474,1,0.0262,0.0763,0.0,0.0863,0.622,108.008
Endless Journey,Peter Banks,1,1983,"genre:""Rock""",0.368,0.48,2,-15.542,1,0.106,0.972,0.747,0.894,0.581,120.85
A Tribo Toda Em Dia de Festa,Nei Lisboa,3,1992,"genre:""Rock""",0.583,0.316,6,-15.977,0,0.0703,0.734,2.76e-05,0.42,0.608,106.538
Havana - Fitness Version,Kyria,1,2018,"genre:""Workout""",0.757,0.947,7,-4.471,1,0.0504,0.00669,0.0843,0.0262,0.933,128.004
Despacito - 123 BPM,D'Mixmasters,0,2017,"genre:""Workout""",0.724,0.903,7,-4.837,1,0.179,0.153,0.0,0.0766,0.476,122.983
Cheap Thrills - A.R. Mix,Kangaroo,6,2016,"genre:""Workout""",0.689,0.93,6,-3.982,0,0.108,0.122,0.0,0.0333,0.874,128.037
Mine - 130 BPM,DJ Space'C,4,2018,"genre:""Workout""",0.695,0.784,6,-4.966,0,0.0369,0.000218,0.0654,0.224,0.96,129.995
Somebody to Love (Remix),DJ Remix Factory,0,2011,"genre:""Workout""",0.728,0.69,10,-6.298,1,0.0508,0.000836,0.622,0.0784,0.816,143.985
With You,Cardio Hits! Workout,0,2023,"genre:""Workout""",0.888,0.704,4,-8.28,0,0.0431,0.000856,0.000814,0.0878,0.41,127.016
Take Me to Your Heart - Fitness Version,Thomas,0,2019,"genre:""Workout""",0.811,0.955,11,-4.088,0,0.0491,0.00169,0.106,0.0736,0.983,124.006
On The Beat - Tabata Remix,Workout Music Tv,1,2019,"genre:""Workout""",0.686,0.825,11,-9.702,1,0.0434,0.00918,1.99e-06,0.282,0.908,127.979
I Need Somebody (Energy Remix),Workout Music ,4,2018,"genre:""Workout""",0.58,0.666,7,-11.276,1,0.0417,0.000124,0.00536,0.213,0.622,141.998
When We Were Young - B Remix,D'Mixmasters,0,2015,"genre:""Workout""",0.814,0.697,10,-7.039,0,0.109,0.000981,0.000405,0.674,0.975,128.016
This Is Real - Workout Remix 140 Bpm,Workout Music Tv,1,2020,"genre:""Workout""",0.703,0.814,6,-2.935,1,0.0832,0.046,0.0286,0.197,0.933,139.99
I Know You Want Me (Calle Ocho) [Workout Mix],Workout Buddy,0,2019,"genre:""Workout""",0.884,0.767,9,-6.738,1,0.0603,0.129,0.000241,0.0926,0.956,128.024
Here Comes The Hotstepper - Workout Remix 128 Bpm,Workout Music Tv,1,2019,"genre:""Workout""",0.659,0.888,9,-4.165,1,0.0346,0.000942,0.013,0.17,0.785,127.96
Million Reasons - Workout Mix,Workout Remix Factory,1,2021,"genre:""Workout""",0.667,0.725,0,-6.036,1,0.0393,0.00154,0.000252,0.263,0.541,127.992
Love Lies - Workout Remix 135 bpm,SuperFitness,0,2019,"genre:""Workout""",0.628,0.941,1,-1.537,1,0.0312,0.0205,0.107,0.229,0.709,134.975
Coming in Hot - Workout Remix 132 BPM,Power Music Workout,3,2021,"genre:""Workout""",0.737,0.903,2,-6.626,1,0.0542,0.0213,0.000378,0.0641,0.516,132.014
Youngblood (Running Cardio Mix) [160 BPM],Workout Music ,15,2019,"genre:""Workout""",0.592,0.725,10,-5.347,1,0.325,0.0259,7.44e-06,0.0557,0.782,160.042
Talk Dirty (Workout Buddy),Workout Buddy,0,2013,"genre:""Workout""",0.732,0.578,6,-7.821,1,0.0759,0.0837,0.0,0.427,0.596,100.329
9 to 5 - 126 BPM,Kangaroo,17,2018,"genre:""Workout""",0.708,0.882,6,-4.163,1,0.0403,0.00181,0.0,0.0964,0.713,126.013
Remain Define,Cardio Dj,0,2022,"genre:""Workout""",0.804,0.641,1,-12.403,1,0.0424,0.00928,0.911,0.0989,0.435,126.001
Just Like Paradise - Workout Remix 140 Bpm,Workout Music Tv,3,2019,"genre:""Workout""",0.606,0.995,2,-3.645,1,0.0537,0.000357,0.767,0.0681,0.941,139.958
Summer Of 69 - Workout Remix 140 Bpm,Workout Music Tv,10,2017,"genre:""Workout""",0.535,0.94,2,-5.28,1,0.0408,0.000329,3.99e-06,0.163,0.341,139.966
Pump It Up - Workout Mix 135 BPM,Power Music Workout,0,2016,"genre:""Workout""",0.75,0.867,7,-7.401,1,0.0509,2.16e-05,0.867,0.073,0.314,133.984
Build Exercise,HIIT Beats,1,2022,"genre:""Workout""",0.804,0.632,2,-12.32,1,0.0456,0.00091,0.896,0.106,0.374,125.97
Discipline Morning,Military Workout,0,2023,"genre:""Workout""",0.751,0.773,9,-12.8,0,0.0736,0.000787,0.861,0.0934,0.386,131.965
Dance Monkey (Walking Workout Mix),Workout Music ,4,2020,"genre:""Workout""",0.793,0.639,6,-8.28,0,0.0575,0.00405,0.497,0.0615,0.885,122.025
Complete Package,House Workout,0,2021,"genre:""Workout""",0.791,0.707,9,-10.508,1,0.0555,0.00358,0.938,0.0795,0.804,127.003
All Time Low - Workout Remix 120 Bpm,Workout Music Tv,3,2017,"genre:""Workout""",0.765,0.627,0,-5.271,1,0.044,0.0337,0.0,0.142,0.342,119.961
I Want You Back - Workout Remix 132 Bpm,Workout Music Tv,5,2019,"genre:""Workout""",0.646,0.992,8,-4.143,0,0.0468,0.0474,0.000263,0.302,0.964,131.996
Timbailando - Tabata Remix,Workout Music Tv,3,2018,"genre:""Workout""",0.711,0.985,11,-9.29,0,0.0534,0.00078,0.417,0.314,0.271,129.986
These Boots Are Made for Walking,OR2 Workout Music Crew,0,2014,"genre:""Workout""",0.682,0.873,11,-4.548,0,0.0706,0.0843,1.06e-05,0.569,0.495,133.833
7 Years (Clean Workout Mix),Workout Music ,7,2021,"genre:""Workout""",0.693,0.823,10,-5.698,1,0.0355,0.00813,0.000599,0.0526,0.91,127.997
Massive - Workout Remix 128 Bpm,Workout Music Tv,2,2023,"genre:""Workout""",0.634,0.961,4,-2.671,0,0.0501,0.0101,0.197,0.0975,0.88,128.07
The Hum - Fitness Remix,DJ Kee,4,2017,"genre:""Workout""",0.644,0.965,9,-3.955,1,0.039,0.00954,0.88,0.112,0.397,130.003
Vega - Workout Remix 135 Bpm,Workout Music Tv,0,2018,"genre:""Workout""",0.807,0.803,5,-3.936,0,0.186,0.027,0.821,0.0475,0.332,134.991
Venomous Instigation,Ibiza Fitness Music Workout,0,2023,"genre:""Workout""",0.807,0.591,11,-13.332,0,0.0427,0.00494,0.901,0.101,0.361,125.991
All the Wrong Places,Running Music Workout,0,2015,"genre:""Workout""",0.624,0.855,6,-8.305,1,0.046,0.0053,0.0,0.187,0.616,134.995
Te Extraño - Workout Remix 140 bpm,Hard EDM Workout,5,2023,"genre:""Workout""",0.666,0.835,6,-5.853,0,0.0814,0.00121,0.154,0.0461,0.966,139.983
What Else Can I Do - Tabata Remix 128 Bpm,Workout Music Tv,3,2022,"genre:""Workout""",0.689,0.965,4,-4.114,1,0.124,0.0215,0.0,0.044,0.52,127.991
Everybody Get Up - Workout Remix 128 Bpm,Workout Music Tv,0,2022,"genre:""Workout""",0.664,0.9,11,-1.863,1,0.0458,7.6e-05,0.557,0.066,0.558,127.993
Walk This Way - Workout Remix,Workout Music Tv,6,2014,"genre:""Workout""",0.697,0.95,5,-6.976,1,0.0456,0.0018,0.000263,0.0564,0.958,146.014
Feel This Moment (136 BPM),Spinning Workout,0,2017,"genre:""Workout""",0.737,0.55,7,-10.146,1,0.0909,0.105,0.0,0.211,0.258,135.975
Some Say - Workout Mix 140 bpm,Hard EDM Workout,0,2020,"genre:""Workout""",0.707,0.932,6,-4.861,1,0.095,0.0384,0.0302,0.0533,0.886,140.024
Stairway To Heaven - Workout Remix 135 bpm,Workout Music Tv,1,2021,"genre:""Workout""",0.598,0.915,7,-4.145,1,0.0387,0.000887,0.338,0.0649,0.961,134.986
You Should Be Dancing - Workout Mix,Power Music Workout,4,2015,"genre:""Workout""",0.697,0.908,0,-5.231,1,0.0376,0.000595,0.897,0.0471,0.917,129.998
Danza Kuduro (Workout Mix),Workout Music ,4,2023,"genre:""Workout""",0.741,0.881,0,-7.09,1,0.215,0.0184,0.0,0.301,0.863,127.977
Hold Back the River - Extended Workout Mix,Workout Crew,1,2015,"genre:""Workout""",0.763,0.963,5,-3.863,1,0.182,0.0183,1.84e-06,0.336,0.701,134.989
Heroes (We Could Be) Vs Under Control Vs U (Crossfit Cardio! Remix),CrossFit Junkies,7,2019,"genre:""Workout""",0.684,0.916,4,-5.616,0,0.0375,0.00284,0.0058,0.0967,0.0419,133.972
Sensual Pain,Fitness Workout Hits,0,2021,"genre:""Workout""",0.795,0.444,7,-12.418,1,0.188,0.00295,0.843,0.139,0.859,124.965
Save You Tears - Female Vocal Running Mix,Workout Music ,0,2022,"genre:""Workout""",0.653,0.733,0,-6.498,1,0.0394,0.00225,0.0398,0.0969,0.935,144.011
Every Little Song,The Savage Resurrection,13,2008,"genre:""R&B""",0.417,0.529,9,-9.23,1,0.0388,0.719,0.00092,0.107,0.459,125.173
Heard Them,Nino Man,21,2020,"genre:""R&B""",0.509,0.619,11,-6.115,0,0.198,0.0555,0.0,0.0812,0.284,72.01
Me Equivoqué Contigo,Miguel Aceves Mejia,17,2001,"genre:""R&B""",0.37,0.238,7,-9.709,1,0.0474,0.551,0.0,0.105,0.437,170.994
Layla - 40th Anniversary Version / 2010 Remastered,Derek & The Dominos,2,2020,"genre:""R&B""",0.403,0.903,1,-3.88,1,0.0664,0.574,0.305,0.287,0.498,115.669
Cheap an' Nasty - The Wagging Tongue Edition; 2019 Remaster,Whitesnake,5,2019,"genre:""R&B""",0.502,0.931,9,-7.304,0,0.0486,0.000367,0.0144,0.395,0.659,139.85
Young,Abhi//Dijon,34,2015,"genre:""R&B""",0.596,0.307,2,-8.604,1,0.432,0.527,0.000298,0.571,0.33,94.1
Wasted Times,The Weeknd,34,2018,"genre:""R&B""",0.557,0.675,10,-6.163,0,0.0611,0.602,1.52e-05,0.11,0.267,122.607
Viejas Rutinas,Icaro,0,1999,"genre:""R&B""",0.702,0.77,0,-4.884,1,0.0613,0.328,0.0,0.0822,0.807,134.196
"Lo Mejor De Tu Vida - En Vivo Desde La Casa De Los Azulejos, México/ 2015",Jorge Muñiz,39,2015,"genre:""R&B""",0.62,0.348,4,-12.908,0,0.0394,0.795,0.0,0.324,0.628,147.882
My Love,Petula Clark,27,2015,"genre:""R&B""",0.67,0.626,9,-13.797,1,0.0397,0.481,0.0,0.214,0.961,171.88
"Short, Sweet, and Tender",Mitch Woods and His Rocket 88‘S,5,2006,"genre:""R&B""",0.57,0.92,0,-9.392,1,0.0411,0.62,0.000537,0.0339,0.961,167.109
Guantanamera - Live,Pete Seeger,15,1972,"genre:""R&B""",0.499,0.415,1,-12.738,1,0.0379,0.913,7.98e-06,0.767,0.57,112.368
Control,Syd,37,2022,"genre:""R&B""",0.851,0.257,5,-7.575,0,0.0823,0.188,4.85e-06,0.114,0.698,119.905
Criminals,Madina Lake,11,2009,"genre:""R&B""",0.386,0.962,0,-4.372,1,0.162,0.000771,0.0,0.378,0.23,141.096
Shadow on the House,Madness,9,1981,"genre:""R&B""",0.575,0.611,5,-5.898,1,0.0287,0.474,3.87e-05,0.208,0.509,128.087
Rated R,Ralph Tresvant,16,1990,"genre:""R&B""",0.781,0.736,6,-8.219,1,0.197,0.00134,6.28e-05,0.318,0.483,99.923
Morning Love,Asha Gold,33,2022,"genre:""R&B""",0.623,0.687,10,-5.776,0,0.194,0.0704,0.000479,0.0988,0.775,100.103
Going Home,John Lee Hooker,5,1970,"genre:""R&B""",0.788,0.474,4,-8.686,1,0.283,0.88,0.00656,0.125,0.677,112.897
Still I Am,Kamaiyah,20,2020,"genre:""R&B""",0.895,0.277,1,-8.863,1,0.0869,0.0144,0.0,0.0959,0.176,100.035
Run-Around,Blues Traveler,2,2022,"genre:""R&B""",0.592,0.905,7,-5.648,1,0.0851,0.0675,0.0,0.0904,0.814,151.958
Raz Ma-Taz Polka,Buck Owens,6,1995,"genre:""R&B""",0.452,0.784,8,-8.973,1,0.0325,0.139,0.93,0.453,0.971,120.064
Bagpipe - Aggressive Street Rap Beat Mix,Sero Produktion Beats,4,2018,"genre:""R&B""",0.546,0.582,1,-9.572,1,0.0393,0.00181,0.849,0.108,0.2,172.043
Doodah Dip,Wizards Of Ooze,5,1994,"genre:""R&B""",0.468,0.723,4,-12.714,0,0.0844,0.00639,0.269,0.096,0.578,187.731
Drowning Witch - Live At The Palladium - 10/31/81 - Show 1,Frank Zappa,9,2020,"genre:""R&B""",0.416,0.815,11,-9.491,0,0.0811,0.00789,0.0369,0.32,0.337,133.067
Frens,Obongjayar,21,2020,"genre:""R&B""",0.744,0.798,1,-7.489,1,0.0569,0.0229,5.96e-05,0.229,0.468,116.033
Blow You Away (Delilah),Blue Lab Beats,26,2022,"genre:""R&B""",0.603,0.726,11,-6.072,0,0.151,0.18,0.0,0.0646,0.939,98.067
The Heathen - Ao Vivo,Andread Jó,2,2017,"genre:""R&B""",0.394,0.702,4,-5.909,0,0.052,0.00105,0.000307,0.923,0.334,145.028
Perdón por Tus Lágrimas,Los Yonic's,13,2023,"genre:""R&B""",0.474,0.332,4,-14.691,1,0.034,0.692,0.0,0.341,0.417,149.451
Too Much Boogie,John Lee Hooker,1,2010,"genre:""R&B""",0.748,0.885,5,-0.986,1,0.184,0.88,0.379,0.0971,0.567,115.003
No Feelings,Papoose,13,2021,"genre:""R&B""",0.422,0.767,9,-4.412,1,0.0634,0.0331,0.0,0.0802,0.775,150.709
Bouteille à la mer,Lynda,54,2021,"genre:""R&B""",0.43,0.715,0,-3.901,0,0.281,0.492,0.0,0.117,0.384,83.088
Chessboard,KozyPop,1,2021,"genre:""R&B""",0.834,0.722,5,-5.017,1,0.0445,0.732,0.0,0.296,0.392,126.979
Ruega por Nosotros - Digitally Remastered,Miguel Aceves Mejia,9,2018,"genre:""R&B""",0.451,0.246,2,-9.075,0,0.0429,0.771,3.53e-06,0.11,0.312,106.784
"Kantone Stavro, Kantone",Markos Vamvakaris,4,2019,"genre:""R&B""",0.754,0.405,8,-8.253,1,0.0527,0.87,0.0,0.147,0.475,114.49
Evalee,Jarrod Lawson,17,2020,"genre:""R&B""",0.438,0.38,2,-9.106,1,0.0315,0.836,7e-05,0.103,0.289,96.578
Eddy Malou - Redemption #1,SenSey',31,2023,"genre:""R&B""",0.689,0.614,6,-6.616,1,0.16,0.52,0.0,0.124,0.649,91.538
La Última Rumba,Celeste Mendoza,1,2000,"genre:""R&B""",0.649,0.689,0,-11.275,0,0.135,0.588,0.000381,0.0748,0.899,136.189
Lipgloss,Cam Meekins,11,2020,"genre:""R&B""",0.696,0.655,8,-6.786,0,0.285,0.0513,0.0,0.794,0.628,80.215
Some Kind of Home,The Sheila Divine,3,2001,"genre:""R&B""",0.529,0.667,11,-7.151,0,0.0317,0.355,0.00435,0.211,0.51,114.028
WOW - Mix Cut,Tiësto,40,2018,"genre:""R&B""",0.543,0.98,1,-2.502,0,0.363,0.000263,0.885,0.294,0.136,128.997
Ça fait longtemps,ABSOLEM,40,2023,"genre:""R&B""",0.589,0.449,10,-12.178,0,0.325,0.629,0.00952,0.0917,0.741,92.156
Покажите мне Москву - Live,Alexander Rosenbaum,2,1996,"genre:""R&B""",0.767,0.578,0,-10.215,0,0.543,0.266,0.0,0.0461,0.881,88.381
10:35,Tiësto,4,2023,"genre:""R&B""",0.696,0.793,8,-5.733,1,0.097,0.0683,3.78e-06,0.18,0.698,120.003
Club Memphis Mane,DJ Paul,37,2023,"genre:""R&B""",0.785,0.955,2,-2.491,0,0.236,0.025,0.0612,0.513,0.447,159.892
This Magic Moment,Billy Joe Royal,0,2023,"genre:""R&B""",0.571,0.272,0,-15.958,1,0.0575,0.14,0.0,0.132,0.68,124.874
Say No (feat. Problem),Eric Bellinger,13,2013,"genre:""R&B""",0.394,0.78,2,-5.636,1,0.147,0.143,0.0,0.265,0.347,146.601
Moon On The Ocean (feat. Lay.bn & Kim Seungmin),KozyPop,7,2020,"genre:""R&B""",0.693,0.527,11,-8.222,0,0.155,0.698,8.09e-06,0.0788,0.262,116.187
Free Thug,Fredo Bang,4,2022,"genre:""R&B""",0.913,0.673,10,-5.114,1,0.122,0.0811,0.0,0.113,0.899,139.984
Something to Live For,Felix Cartal,17,2015,"genre:""Dance/Electronic""",0.495,0.849,4,-2.189,0,0.097,0.0578,0.0,0.142,0.292,128.04
Vectra - Irène Drésel Remix,Nathan Fake,1,2021,"genre:""Dance/Electronic""",0.673,0.794,4,-8.878,0,0.0493,0.000321,0.9,0.117,0.524,129.996
Were Not Here,The Future Sound Of London,3,2007,"genre:""Dance/Electronic""",0.662,0.675,2,-15.609,0,0.049,0.149,0.816,0.206,0.866,129.982
Pressure Points,Nosaj Thing,15,2020,"genre:""Dance/Electronic""",0.686,0.633,7,-11.828,1,0.0478,0.253,0.953,0.0947,0.0393,130.033
Pleasure,Justice,37,2016,"genre:""Dance/Electronic""",0.562,0.716,9,-5.716,0,0.0287,0.0462,2.64e-05,0.307,0.555,103.027
Pink Bells,Tiga,6,2017,"genre:""Dance/Electronic""",0.647,0.858,1,-9.592,1,0.0368,0.207,0.926,0.107,0.0753,124.022
Lovely Head - Live in London,Goldfrapp,10,2004,"genre:""Dance/Electronic""",0.472,0.626,5,-8.485,0,0.074,0.516,0.559,0.741,0.0705,108.946
Whoop - Club Mix,Dzeko,0,2015,"genre:""Dance/Electronic""",0.709,0.735,7,-6.495,1,0.0677,0.00194,0.925,0.552,0.267,128.006
9TS (90s Baby),Redlight,14,2014,"genre:""Dance/Electronic""",0.805,0.861,7,-7.535,1,0.0419,0.000136,0.339,0.0567,0.528,123.971
Fromthegetgo,Lackluster,0,2009,"genre:""Dance/Electronic""",0.382,0.96,8,-8.01,1,0.174,0.171,0.859,0.0764,0.438,176.478
Clockwork,deadmau5,25,2009,"genre:""Dance/Electronic""",0.762,0.606,6,-6.916,0,0.0336,0.0441,0.865,0.0973,0.327,128.009
Bilbao - EXTLP Version,Modeselektor,7,2021,"genre:""Dance/Electronic""",0.584,0.512,11,-9.299,0,0.0433,0.205,0.868,0.102,0.0747,141.984
I lost my mind - Metronomy x Jessica Winter,Metronomy,30,2022,"genre:""Dance/Electronic""",0.623,0.872,9,-5.924,0,0.0256,0.00492,0.227,0.111,0.751,120.044
Delta Mk II,The Orb,0,1997,"genre:""Dance/Electronic""",0.578,0.686,5,-12.767,1,0.0576,0.565,0.542,0.224,0.189,89.814
You & Me - TR510,KC Lights,0,2020,"genre:""Dance/Electronic""",0.683,0.818,1,-8.974,0,0.0549,0.000864,0.525,0.314,0.728,123.025
The Queen of Hearts - Princess of Clubs Mix,The Orb,10,2020,"genre:""Dance/Electronic""",0.589,0.674,7,-13.388,1,0.0421,0.0438,0.762,0.0879,0.578,155.998
Inside World - Digitalism Remix,WhoMadeWho,0,2021,"genre:""Dance/Electronic""",0.684,0.579,7,-11.04,1,0.0683,0.0129,0.859,0.0729,0.218,128.998
The Diamond Sky,The Chemical Brothers,12,2019,"genre:""Dance/Electronic""",0.193,0.974,4,-4.237,1,0.0501,0.0242,0.757,0.0586,0.534,190.342
Beg,Clark,5,2008,"genre:""Dance/Electronic""",0.282,0.949,1,-5.199,1,0.16,0.0292,0.949,0.611,0.0848,139.964
Shimmering Edges,Lackluster,0,2022,"genre:""Dance/Electronic""",0.465,0.115,5,-22.932,0,0.0305,0.597,0.924,0.145,0.192,78.957
U8,Modeselektor,13,2021,"genre:""Dance/Electronic""",0.566,0.628,11,-14.322,0,0.0638,0.132,0.927,0.2,0.385,122.989
Tribulations - Tiga's Out of the Trance Closet Mix,LCD Soundsystem,0,2020,"genre:""Dance/Electronic""",0.678,0.865,6,-6.305,0,0.0318,0.000452,0.00477,0.0757,0.831,132.003
Forwardism,Rival Consoles,24,2020,"genre:""Dance/Electronic""",0.742,0.52,2,-10.85,0,0.0529,0.123,0.844,0.0889,0.0443,125.01
You Look So Fine,Garbage,36,1998,"genre:""Dance/Electronic""",0.561,0.632,4,-9.084,0,0.0238,0.139,0.0218,0.0803,0.368,103.944
Dead Man's Tetris,Flying Lotus,39,2014,"genre:""Dance/Electronic""",0.623,0.801,11,-4.11,0,0.0931,0.0149,0.003,0.593,0.217,119.096
Middle,DJ Snake,7,2021,"genre:""Dance/Electronic""",0.585,0.73,1,-4.038,0,0.0406,0.0171,0.0,0.0488,0.222,104.824
Under Fire,Django Django,18,2021,"genre:""Dance/Electronic""",0.679,0.753,5,-8.185,0,0.0297,0.121,0.114,0.0817,0.692,107.005
Answers,Andy Stott,18,2021,"genre:""Dance/Electronic""",0.719,0.628,8,-11.036,1,0.23,0.0725,0.716,0.146,0.263,133.825
Horse Power,The Chemical Brothers,30,2010,"genre:""Dance/Electronic""",0.586,0.967,1,-4.9,0,0.0602,0.000524,0.627,0.321,0.353,122.987
Chase,Cassius,21,1999,"genre:""Dance/Electronic""",0.709,0.348,6,-18.751,1,0.0658,1.9e-05,0.939,0.106,0.361,115.2
Kill For Love (Instrumental),Chromatics,5,2017,"genre:""Dance/Electronic""",0.58,0.894,11,-3.975,1,0.0323,0.000501,0.9,0.128,0.55,118.193
Fever Dream,Daniel Avery,3,2018,"genre:""Dance/Electronic""",0.626,0.947,1,-12.54,0,0.0667,0.307,0.868,0.105,0.0538,129.999
Happiness (Beyond the Wizards Sleeve Re-Animation),Goldfrapp,4,2008,"genre:""Dance/Electronic""",0.644,0.592,10,-8.977,0,0.0357,0.573,0.00173,0.0827,0.299,121.027
Leggiero,To Rococo Rot,0,1997,"genre:""Dance/Electronic""",0.681,0.424,4,-14.554,1,0.0704,0.859,0.903,0.0733,0.793,148.636
Arterial,Lusine,39,2014,"genre:""Dance/Electronic""",0.841,0.588,11,-11.024,1,0.0744,0.251,0.76,0.11,0.304,90.025
Dancing Box - Sleeparchive Remix,Modeselektor,3,2006,"genre:""Dance/Electronic""",0.734,0.805,7,-10.781,1,0.099,0.000296,0.884,0.393,0.0372,125.006
A Possibility,Basement Jaxx,14,2009,"genre:""Dance/Electronic""",0.626,0.412,9,-7.181,0,0.0268,0.409,0.000274,0.174,0.363,93.043
Hearts On Fire,Cut Copy,0,2023,"genre:""Dance/Electronic""",0.559,0.961,10,-3.986,0,0.0489,0.038,0.925,0.225,0.69,124.98
Breaking Up The Girl - Timo Maas Remix,Garbage,4,2007,"genre:""Dance/Electronic""",0.687,0.89,6,-3.673,0,0.0798,9.08e-05,0.231,0.0314,0.477,124.977
Got To Keep On - Riton Remix,The Chemical Brothers,0,2021,"genre:""Dance/Electronic""",0.771,0.884,6,-5.04,0,0.0591,0.0346,0.538,0.103,0.735,125.014
Amoeba,The Future Sound Of London,14,1994,"genre:""Dance/Electronic""",0.337,0.604,8,-22.821,0,0.0486,0.11,0.963,0.321,0.329,93.972
On A Crutch,Dino Felipe,0,2007,"genre:""Dance/Electronic""",0.551,0.474,1,-7.977,0,0.29,0.224,0.00152,0.117,0.238,85.967
Flygon,The Future Sound Of London,5,2012,"genre:""Dance/Electronic""",0.322,0.778,7,-14.998,0,0.164,0.3,0.962,0.125,0.0419,131.184
Chase H.Q. (Lackluster Remix),Lackluster,0,2022,"genre:""Dance/Electronic""",0.736,0.95,1,-9.274,1,0.0802,0.00617,0.877,0.0577,0.34,120.016
The Villagers,James Holden,34,2019,"genre:""Dance/Electronic""",0.209,0.122,1,-22.081,0,0.0348,0.953,0.96,0.0816,0.029,60.383
Ship,To Rococo Rot,1,2010,"genre:""Dance/Electronic""",0.539,0.648,10,-11.627,0,0.0265,0.0398,0.526,0.0924,0.35,107.982
Galvanize,The Chemical Brothers,1,2020,"genre:""Dance/Electronic""",0.746,0.715,7,-3.681,1,0.0752,0.0141,0.0227,0.363,0.363,104.003
Obfuse,Floating Points,22,2011,"genre:""Dance/Electronic""",0.765,0.663,6,-13.767,1,0.16,4.38e-05,0.783,0.0934,0.16,130.026
You're Pulling My Face Off,Clark,6,2020,"genre:""Dance/Electronic""",0.348,0.28,7,-10.22,1,0.0429,0.326,0.876,0.0774,0.0562,119.986
Dead Machine (feat. Stealing Sheep),Django Django,18,2023,"genre:""Dance/Electronic""",0.711,0.66,1,-7.967,1,0.0305,0.115,2.07e-06,0.361,0.656,101.992
Portland,Jay Sparrow,0,2008,"genre:""Indie""",0.447,0.578,0,-6.695,1,0.0283,0.694,0.0,0.0658,0.455,74.832
Town Crier,Mike Bones,0,2007,"genre:""Indie""",0.66,0.697,5,-10.526,1,0.04,0.565,0.923,0.0975,0.551,122.292
Provocados por Su Fuerza,La Experiencia de Toñito Cabanilla$$$,0,2022,"genre:""Indie""",0.236,0.962,6,-6.213,1,0.192,0.00205,0.0,0.34,0.621,192.056
States Revealed,Dignan Porch,0,2023,"genre:""Indie""",0.476,0.481,4,-13.599,1,0.0306,0.503,0.766,0.109,0.16,150.024
"That Moves the Sun, and All the Other Stars",Curtis Schweitzer,1,2018,"genre:""Indie""",0.325,0.247,4,-15.068,1,0.0336,0.982,0.942,0.117,0.0499,166.982
Die Wöt wird si weiterdrahn,Gnackwatschn,17,2019,"genre:""Indie""",0.534,0.966,0,-3.342,1,0.112,0.00278,1.02e-06,0.33,0.837,167.991
Campamento,Los Objetos Inanimados,0,2021,"genre:""Indie""",0.476,0.79,11,-7.421,1,0.0336,0.0567,0.391,0.837,0.535,110.09
Sittin' On Top of The World,Jack White,26,2003,"genre:""Indie""",0.565,0.234,7,-12.793,1,0.0323,0.939,0.0,0.103,0.614,85.969
Signs,Tesla,32,1995,"genre:""Indie""",0.336,0.828,7,-8.076,1,0.0429,0.125,0.0,0.99,0.509,161.993
My Bush Ain't Ur Business,The Menstrual Cramps,10,2017,"genre:""Indie""",0.691,0.916,0,-4.662,1,0.189,0.0854,0.0,0.189,0.85,160.041
Loneliness Shines,Malcolm Middleton,7,2005,"genre:""Indie""",0.535,0.891,0,-4.558,0,0.0654,0.00125,0.000129,0.0615,0.395,133.079
Tanking for Zion,Trouble Books,0,2019,"genre:""Indie""",0.354,0.0776,1,-19.827,0,0.0381,0.899,0.882,0.112,0.0391,91.908
Postcard,A Little Nothing,4,2013,"genre:""Indie""",0.452,0.722,1,-6.092,1,0.0408,0.681,0.325,0.128,0.698,152.17
Harold,Blanketman,1,2021,"genre:""Indie""",0.378,0.92,10,-3.382,1,0.0472,0.0039,0.0656,0.575,0.231,135.002
Rosa,Corazón Attack,4,2013,"genre:""Indie""",0.448,0.819,7,-3.47,1,0.038,0.777,0.00211,0.104,0.422,80.03
dissolve,Abby Siler,7,2021,"genre:""Indie""",0.367,0.178,0,-11.67,1,0.0329,0.95,0.0,0.121,0.38,88.466
No Van a Parar,Peces Raros,15,2018,"genre:""Indie""",0.623,0.741,5,-6.934,0,0.0462,0.00776,0.706,0.117,0.662,122.03
Heads Above (Robag Wruhme Remix),WhoMadeWho,12,2015,"genre:""Indie""",0.724,0.399,7,-10.627,1,0.0514,0.0253,0.381,0.0951,0.125,119.983
Mankepwot,Gesman,4,2018,"genre:""Indie""",0.616,0.576,6,-9.09,0,0.0359,0.335,0.0384,0.15,0.65,124.31
Surfer's Hymn,Panda Bear,6,2011,"genre:""Indie""",0.337,0.976,11,-6.195,1,0.412,0.441,0.043,0.939,0.0689,175.111
Tak Semua Bisa Dibeli,Nosstress,36,2023,"genre:""Indie""",0.713,0.256,10,-11.749,1,0.0321,0.926,4.37e-05,0.126,0.378,102.165
Discotecas,LUIS BREA,21,2015,"genre:""Indie""",0.537,0.97,8,-3.772,0,0.0938,0.000158,0.000506,0.0917,0.585,134.967
Smoov,carpetgarden,29,2021,"genre:""Indie""",0.828,0.487,11,-10.551,0,0.185,0.688,0.0,0.159,0.731,124.973
Morpho Menelaus,Tessa Ia,7,2020,"genre:""Indie""",0.541,0.672,4,-6.468,0,0.0321,0.118,0.0124,0.285,0.516,120.063
GIF_09 BYE,Guy Mandon,0,2020,"genre:""Indie""",0.597,0.703,4,-7.762,0,0.0303,0.031,0.839,0.212,0.164,109.91
Volverá,Hendrik Röver,0,2019,"genre:""Indie""",0.571,0.954,2,-3.021,1,0.0442,0.142,0.0011,0.272,0.961,124.878
Skitarg,ALVA,1,2021,"genre:""Indie""",0.639,0.694,10,-5.828,1,0.03,0.125,2.04e-06,0.104,0.322,130.98
Вечный двигатель,Марсу нужны любовники,0,2020,"genre:""Indie""",0.632,0.782,2,-9.498,0,0.0282,0.00315,0.0287,0.137,0.737,99.977
Violet,Brainstorm,0,2012,"genre:""Indie""",0.406,0.285,0,-8.952,1,0.0402,0.83,0.0008,0.0623,0.207,182.863
Superluv,Remate,0,2011,"genre:""Indie""",0.423,0.829,4,-5.168,0,0.0501,0.199,2.26e-06,0.367,0.21,145.608
Correspondència,Coherence,3,2023,"genre:""Indie""",0.334,0.97,11,-3.834,1,0.118,0.000786,0.154,0.213,0.258,174.933
Crack My Spine Like A Whip,The Tragically Hip,23,2021,"genre:""Indie""",0.391,0.939,9,-4.608,1,0.0739,0.000415,0.717,0.186,0.813,154.846
Visitor in the Present,Rotten Mind,12,2023,"genre:""Indie""",0.287,0.766,9,-5.74,0,0.0394,1.42e-05,0.000117,0.472,0.657,179.769
Launch Codes,69 Fingers,8,2020,"genre:""Indie""",0.304,0.72,7,-11.217,1,0.108,8.34e-05,0.616,0.147,0.77,190.847
Meu Jardim,Sérgio Pererê,4,2021,"genre:""Indie""",0.646,0.567,0,-9.564,1,0.0889,0.395,0.0,0.068,0.659,180.074
Backwards in Time,Sudden Lights,29,2023,"genre:""Indie""",0.557,0.741,7,-10.547,0,0.0312,0.0341,0.189,0.0773,0.842,128.012
Como Si Fuera Yo,Las Áñez,20,2023,"genre:""Indie""",0.723,0.406,0,-10.418,1,0.0862,0.708,0.000223,0.133,0.404,135.921
Hostage,Klangstof,27,2016,"genre:""Indie""",0.581,0.417,5,-10.239,1,0.0303,0.138,0.743,0.109,0.232,132.014
You & Me,Dany Laj and The Looks,0,2021,"genre:""Indie""",0.406,0.737,9,-5.388,1,0.0392,0.0544,0.00725,0.23,0.646,129.066
Please Come Home for Christmas,Drew Cooper,3,2021,"genre:""Indie""",0.426,0.776,4,-4.424,1,0.0303,0.0353,0.000581,0.0862,0.357,169.976
Long Long Day,Tom Williams,0,2022,"genre:""Indie""",0.493,0.291,11,-8.543,1,0.0744,0.833,0.000272,0.111,0.141,167.921
Where the City Meets the Sea,The Belafontes,1,2018,"genre:""Indie""",0.416,0.903,1,-3.475,1,0.0402,0.00353,0.000494,0.167,0.831,165.576
En Är För Mycket och Tusen Aldrig Nog,Dungen,6,2022,"genre:""Indie""",0.44,0.481,5,-16.742,1,0.0499,0.28,5.99e-05,0.358,0.578,100.504
Pinkman,Our Thing,4,2020,"genre:""Indie""",0.738,0.342,2,-10.224,1,0.0426,0.292,0.00298,0.0828,0.372,119.996
Santa Baby,Heidi Happy,15,2016,"genre:""Indie""",0.695,0.161,1,-13.936,1,0.0845,0.897,0.0,0.141,0.566,95.171
Suddenly,BØRNS,48,2023,"genre:""Indie""",0.344,0.438,7,-8.464,0,0.0275,0.469,0.00155,0.347,0.248,110.479
Escape,MonaraKudumbiya,9,2019,"genre:""Indie""",0.437,0.62,2,-7.25,0,0.0268,0.239,0.00451,0.189,0.258,140.014
Dehors,Émile Bilodeau,45,2016,"genre:""Indie""",0.537,0.309,3,-15.281,1,0.1,0.874,0.0,0.1,0.697,145.1
Hum Bom!,Ai Weiwei,4,2023,"genre:""Indie""",0.38,0.522,3,-9.598,1,0.0552,0.0902,0.0518,0.127,0.152,125.58
You Are The Word,Sandra McCracken,12,2020,"genre:""Indie""",0.295,0.351,1,-11.079,1,0.0386,0.641,0.00064,0.0818,0.112,84.739
Futo,Randy,15,2022,"genre:""Mood""",0.728,0.775,2,-1.125,1,0.294,0.233,0.0,0.0746,0.406,100.129
Off My Mind,Majik,17,2023,"genre:""Mood""",0.725,0.409,8,-8.861,0,0.119,0.75,3.45e-06,0.112,0.475,140.123
Obstruction (feat. Baker Ya Maker),HAARPER,31,2019,"genre:""Mood""",0.821,0.773,11,-5.544,1,0.0885,0.109,0.23,0.252,0.591,135.976
Pretend,Wiked,19,2022,"genre:""Mood""",0.812,0.348,0,-13.956,0,0.0476,0.828,4.51e-06,0.108,0.135,130.05
Wish Them Well,Randolph,11,2015,"genre:""Mood""",0.585,0.867,5,-3.872,0,0.195,0.0318,0.0,0.367,0.424,140.164
GIVE ME BRAIN,HAARPER,60,2022,"genre:""Mood""",0.817,0.564,7,-7.884,1,0.154,0.00414,0.011,0.48,0.687,159.979
BLACKOUT,Wiked,20,2023,"genre:""Mood""",0.882,0.719,6,-5.735,0,0.345,0.0689,0.0,0.0885,0.869,148.075
Attached,Zarina Vega,7,2021,"genre:""Mood""",0.652,0.565,1,-12.504,1,0.183,0.0126,0.00104,0.251,0.541,163.859
Intro,P Money,11,2016,"genre:""Mood""",0.451,0.871,5,-5.158,0,0.441,0.181,0.0,0.532,0.498,66.053
In My City,Zolo,15,2022,"genre:""Mood""",0.768,0.362,3,-11.342,0,0.0569,0.131,0.0,0.315,0.316,127.946
Better Off!,Potato Jones,23,2022,"genre:""Mood""",0.817,0.553,7,-8.447,1,0.0325,0.336,0.0,0.113,0.907,128.033
Famous,Shannon Gucci,14,2022,"genre:""Mood""",0.473,0.319,8,-12.619,1,0.0341,0.284,0.0,0.0812,0.291,129.52
LA STARS,eaJ,38,2023,"genre:""Mood""",0.719,0.592,7,-5.554,1,0.0536,0.364,1.54e-05,0.104,0.427,91.988
Inside of Me,D4N1ELLE,5,2023,"genre:""Mood""",0.524,0.481,11,-11.539,0,0.0315,0.404,0.00141,0.11,0.287,73.86
are you down?,Colby Colton,11,2023,"genre:""Mood""",0.747,0.416,6,-8.433,0,0.0708,0.572,6.64e-05,0.116,0.312,87.98
Season,Lil Cap,27,2021,"genre:""Mood""",0.912,0.529,3,-10.619,0,0.39,0.161,0.0,0.111,0.538,127.956
Mah Homie (Lildot | Culture Studios | GF Records),Lil dot,24,2022,"genre:""Mood""",0.791,0.585,7,-10.676,0,0.0402,0.751,0.0,0.0943,0.408,150.063
Numb,Kala,8,2023,"genre:""Mood""",0.573,0.835,8,-6.722,0,0.066,0.000188,0.000237,0.121,0.541,140.078
Prosecco,P Money,14,2021,"genre:""Mood""",0.341,0.744,7,-9.278,1,0.0775,0.0738,0.0,0.24,0.137,83.843
RUN IT,Brittany Hendrx,16,2022,"genre:""Mood""",0.866,0.844,11,-6.594,0,0.272,0.0154,0.00117,0.107,0.602,125.98
lennon,eaJ,49,2023,"genre:""Mood""",0.581,0.714,2,-5.139,0,0.0385,0.0408,1.58e-06,0.0924,0.847,155.083
southside behavior,Paff,13,2021,"genre:""Mood""",0.873,0.554,5,-6.812,1,0.0699,0.029,0.0,0.0684,0.335,144.015
Molly in Wonderland,Molly Rollin,5,2022,"genre:""Mood""",0.854,0.498,7,-8.05,1,0.0539,0.459,0.0,0.121,0.649,135.977
Splendour,Wiked,15,2022,"genre:""Mood""",0.747,0.404,7,-12.586,1,0.355,0.669,0.02,0.0893,0.712,191.775
Karate Kid,P Money,7,2014,"genre:""Mood""",0.698,0.921,11,-3.235,0,0.256,0.231,0.0,0.119,0.77,140.004
FUNERAL,Diana Cortez,1,2022,"genre:""Mood""",0.687,0.761,7,-6.479,1,0.0367,0.00533,0.000366,0.0671,0.403,102.049
Ménage à troi,Joslynn Prim,2,2023,"genre:""Mood""",0.623,0.319,4,-22.138,0,0.0481,0.123,0.0,0.0884,0.52,128.095
Chaos,Paff,18,2021,"genre:""Mood""",0.867,0.8,7,-3.906,1,0.191,0.233,0.0982,0.0876,0.494,116.012
Ready 2 Go,Wiked,16,2022,"genre:""Mood""",0.689,0.298,1,-16.222,1,0.173,0.849,0.00231,0.228,0.206,160.081
People Never Change,Sana,25,2022,"genre:""Mood""",0.777,0.421,0,-12.961,0,0.107,0.747,1.32e-06,0.122,0.52,147.986
Rather be,Sana,15,2023,"genre:""Mood""",0.838,0.504,7,-7.931,1,0.06,0.542,0.0,0.0963,0.555,122.025
Don't You Dare Stay Asleep,Chili Mac,1,2023,"genre:""Mood""",0.757,0.447,4,-8.144,0,0.0671,0.599,0.0,0.232,0.434,130.933
The Streamer Christmas Medley - Instrumental,StreamBeats Originals,25,2021,"genre:""Mood""",0.82,0.373,2,-10.896,1,0.0416,0.184,0.0473,0.0943,0.152,109.957
Watch Your Drinks,P Money,5,2008,"genre:""Mood""",0.548,0.716,0,-10.269,1,0.343,0.571,0.0,0.0835,0.725,68.007
One Extra,P Money,34,2023,"genre:""Mood""",0.628,0.77,1,-3.562,1,0.0438,0.0135,0.0,0.484,0.277,84.952
Dodo Gang,Aaron_RP,8,2022,"genre:""Mood""",0.752,0.667,5,-8.783,0,0.193,0.284,0.0,0.227,0.748,120.068
Paranoia,P Money,11,2018,"genre:""Mood""",0.499,0.838,8,-6.384,1,0.285,0.0843,0.0,0.347,0.804,139.636
Local,Eli Porter,27,2023,"genre:""Mood""",0.806,0.616,2,-8.574,1,0.364,0.284,0.0,0.115,0.625,144.014
Hot Ones (Ogz Madness),P Money,2,2012,"genre:""Mood""",0.688,0.844,2,-6.503,1,0.397,0.0174,0.0,0.692,0.506,139.759
Finish Line,EMBVR,3,2023,"genre:""Mood""",0.702,0.784,2,-5.011,1,0.033,0.464,0.000211,0.134,0.455,119.933
MANNY BOY,Big Toe,19,2022,"genre:""Mood""",0.793,0.722,6,-8.794,0,0.142,0.111,0.0,0.372,0.779,129.913
ON YOUR KNEES,Diana Cortez,2,2023,"genre:""Mood""",0.479,0.541,3,-9.582,0,0.0396,0.00477,3.25e-06,0.0961,0.262,108.047
Drowning,Lola Amante,1,2023,"genre:""Mood""",0.543,0.554,7,-8.733,0,0.0849,0.428,0.0,0.176,0.331,77.645
Mountains,Lucifer II,7,2022,"genre:""Mood""",0.399,0.224,4,-11.814,0,0.0496,0.817,0.0,0.445,0.505,170.39
What U Wanna Do,KUURO,28,2018,"genre:""Mood""",0.599,0.848,4,-5.054,0,0.0438,0.0393,0.00204,0.382,0.522,80.013
Indulge Me,PTMG,3,2022,"genre:""Mood""",0.634,0.107,9,-17.96,1,0.0298,0.836,0.0,0.096,0.335,74.893
TOO MUCH PRESSURE,Qobi,1,2023,"genre:""Mood""",0.58,0.254,7,-14.972,1,0.0497,0.484,0.11,0.151,0.193,166.455
WANT // NEED,Mellow VII,10,2023,"genre:""Mood""",0.802,0.735,7,-11.203,1,0.628,0.403,0.0415,0.0689,0.819,129.985
Close To Hell,KUURO,9,2021,"genre:""Mood""",0.504,0.862,10,-6.234,0,0.347,0.00476,1.07e-05,0.0934,0.392,155.016
Backseat,Valentine Dalla,7,2021,"genre:""Mood""",0.866,0.635,1,-9.324,1,0.281,0.00066,0.0,0.181,0.728,152.0
Relaxing Noise of Rain Drops,Rain Sounds,0,2020,"genre:""Sleep""",0.262,0.908,4,-32.433,1,0.0417,0.938,0.982,0.752,0.0169,169.012
Music For Spa and Relaxation Music,Spa Music Relaxation,5,2018,"genre:""Sleep""",0.286,0.00509,0,-28.538,1,0.0619,0.947,0.906,0.116,0.0337,77.447
Attunement,Steven Halpern,2,2015,"genre:""Sleep""",0.261,0.00314,9,-24.379,1,0.05,0.955,0.881,0.115,0.104,139.131
peaceful transmission 432 hz,Yoga Music,0,2023,"genre:""Sleep""",0.198,0.0105,10,-37.833,0,0.0568,0.995,0.862,0.119,0.0388,140.048
Ask Repose,Deep Sleep Music Experience,0,2023,"genre:""Sleep""",0.22,0.172,5,-18.71,1,0.0413,0.988,0.847,0.11,0.0348,79.066
Quiet Eternity,Natural Sounds,0,2022,"genre:""Sleep""",0.224,0.626,11,-40.692,0,0.0333,0.747,0.944,0.417,0.00938,131.298
Dreamtime,Nature Sound Collection,0,2020,"genre:""Sleep""",0.119,0.0436,0,-30.845,1,0.0505,0.911,0.975,0.111,0.0388,151.038
Distant Rainfall,Rain Sound Studio,0,2022,"genre:""Sleep""",0.232,0.996,10,-32.943,1,0.0523,0.807,0.942,0.907,1e-05,99.94
Waves to Fall Asleep to,Ocean Waves For Sleep,0,2019,"genre:""Sleep""",0.16,0.652,6,-34.878,0,0.209,0.415,0.659,0.377,0.0193,79.626
Tranquil Tides,Weather Factory,0,2020,"genre:""Sleep""",0.164,0.999,2,-13.633,1,0.0536,0.379,0.986,0.264,1e-05,84.591
Sunset Prayer,Nature Sounds,0,2021,"genre:""Sleep""",0.356,0.0713,9,-25.832,0,0.0429,0.846,0.187,0.0814,0.0355,34.822
White Noise Bedtime,Thunder Storm,0,2020,"genre:""Sleep""",0.0,0.0926,6,-15.651,1,0.0,0.859,0.975,0.971,0.0,0.0
Serenene Meadows,Natural Sounds,0,2023,"genre:""Sleep""",0.158,0.196,7,-38.858,1,0.166,0.357,0.117,0.957,0.0355,87.398
Asleep on a Rainy Night,Rain Shower,5,2021,"genre:""Sleep""",0.239,0.426,11,-24.566,0,0.0596,0.00147,0.802,0.409,0.315,118.356
Outside The,Meditation Rain Sounds,6,2023,"genre:""Sleep""",0.161,0.981,2,-24.668,0,0.0594,0.121,0.998,0.38,1e-05,129.539
Background Music for Reading and Comprehension,Einstein Study Music Academy,1,2017,"genre:""Sleep""",0.159,0.0159,1,-29.473,1,0.0355,0.891,0.869,0.126,0.0386,68.654
A Fusion of Dreams,Koen Parker,18,2021,"genre:""Sleep""",0.222,0.0221,1,-32.63,1,0.0422,0.942,0.912,0.133,0.0382,74.687
Storm Peace,"Lightning, Thunder and Rain Storm",0,2022,"genre:""Sleep""",0.255,0.346,1,-31.478,1,0.0403,0.307,0.936,0.34,0.159,102.857
Timelessness in the Garden of Patience,Yoga Sounds,0,2023,"genre:""Sleep""",0.513,0.0615,3,-24.231,1,0.0348,0.965,0.862,0.112,0.0774,103.415
Small Waves Crashing,Nature Sounds Artists,0,2023,"genre:""Sleep""",0.156,1.0,3,-15.372,1,0.0602,0.806,0.983,0.965,1e-05,79.001
Sand Sandbanks,Rainfall For Sleep,0,2023,"genre:""Sleep""",0.166,1.0,0,-16.303,1,0.0587,0.927,0.854,0.686,1e-05,81.472
"Coffee Shop Noise, Pt. 36",White Noise Research,0,2020,"genre:""Sleep""",0.168,0.935,8,-20.335,1,0.0631,0.379,0.00133,0.612,0.0237,128.041
"Nature Sounds for Relaxation, Meditation & Spa (Calm woodland, pink noise) 08",Nature Sounds,18,2019,"genre:""Sleep""",0.392,0.72,8,-33.453,1,0.556,0.841,0.883,0.355,0.0334,141.893
Sleep Music Relax,Yoga,1,2020,"genre:""Sleep""",0.118,0.00708,1,-24.321,1,0.0418,0.98,0.995,0.618,0.0585,148.817
Sounds for the Airplane,Rain Sound Studio,12,2018,"genre:""Sleep""",0.169,0.998,3,-19.283,0,0.0676,0.209,0.989,0.942,1e-05,118.839
Weekend Weather Relief,Thunderstorm Sleep,0,2022,"genre:""Sleep""",0.258,0.609,1,-35.723,1,0.0417,0.22,0.948,0.286,0.0185,86.814
Thunderstorm around the Highway,Rain Sounds & White Noise,0,2020,"genre:""Sleep""",0.322,0.99,6,-28.347,0,0.0417,0.882,0.939,0.666,0.00485,99.199
Clorofila,Sounds Of Nature,1,2000,"genre:""Sleep""",0.434,0.208,2,-17.969,1,0.0459,0.974,0.918,0.434,0.0592,172.059
"Ambient Nature Sleep Sounds, Pt. 63",Sleepy Times,8,2016,"genre:""Sleep""",0.0955,0.0894,7,-35.627,1,0.0488,0.0161,0.972,0.149,0.224,86.881
Hotel Contest,Ocean Waves For Sleep,0,2023,"genre:""Sleep""",0.165,0.995,11,-13.439,0,0.0778,0.213,0.335,0.858,1e-05,125.651
Nature Retreat,Nature Sound Series,0,2022,"genre:""Sleep""",0.257,0.963,8,-38.471,0,0.067,0.89,0.85,0.793,1e-05,110.121
Shining Path,Krynoze,25,2022,"genre:""Sleep""",0.737,0.12,7,-19.538,0,0.044,0.97,0.912,0.0771,0.155,123.992
Peaceful Wild,Deep Sleep,0,2023,"genre:""Sleep""",0.355,0.954,1,-23.763,1,0.0634,0.191,0.927,0.976,0.0217,113.503
Ocean Sounds To Help You Sleep,Ocean Sounds,0,2023,"genre:""Sleep""",0.242,0.989,0,-18.622,0,0.0771,0.568,0.999,0.617,0.0131,34.937
Auditory Chi,Meditation Awareness,0,2022,"genre:""Sleep""",0.444,0.0295,0,-28.934,1,0.042,0.984,0.857,0.111,0.151,156.482
Waves: Resting Spirit,Ocean Sounds,29,2015,"genre:""Sleep""",0.0761,0.851,5,-20.889,0,0.07,0.146,0.257,0.504,0.00242,171.107
Tinnitus Help Woods Sounds,Musica Relajante,0,2020,"genre:""Sleep""",0.434,0.0784,10,-44.815,1,0.0549,0.11,0.964,0.0811,0.112,75.966
Binaural Beats for Studying,Study Power,1,2017,"genre:""Sleep""",0.121,0.00612,6,-39.503,1,0.0442,0.987,0.871,0.111,0.0376,67.372
Music for Growing Plants,Healing Meditation Zone,1,2021,"genre:""Sleep""",0.0718,0.304,7,-11.259,1,0.0403,0.0484,0.962,0.11,0.137,67.164
Ambient Guitar Sleeping Music (Asmr Ocean Sounds),Deep Sleep Music Collective,4,2017,"genre:""Sleep""",0.0821,0.0238,9,-31.063,1,0.0376,0.888,0.87,0.388,0.0466,170.776
8 Minutes of Rain,Forest Ambience,0,2019,"genre:""Sleep""",0.0713,0.746,10,-17.231,0,0.0806,0.45,0.992,0.515,0.0179,80.959
Easy Waters,zero_Ashes,5,2022,"genre:""Sleep""",0.366,0.175,4,-19.805,1,0.0414,0.883,0.895,0.693,0.0805,80.093
Om Mane Padme Hum,Dean Evenson,7,1995,"genre:""Sleep""",0.0711,0.231,6,-19.421,1,0.038,0.889,0.967,0.119,0.0391,77.169
"Yoga, Meditation and Relaxation Music",Yoga,2,2012,"genre:""Sleep""",0.2,0.00461,10,-32.499,1,0.0372,0.991,0.942,0.257,0.239,75.284
Coastal Beauty,Ocean Sounds,0,2019,"genre:""Sleep""",0.172,0.998,11,-13.031,0,0.0621,0.842,0.822,0.573,1e-05,120.265
a place to stay,MkBr,19,2022,"genre:""Sleep""",0.553,0.0998,5,-19.805,1,0.0458,0.933,0.649,0.0617,0.176,140.066
Tranquil Countryside,Nature Sounds XLE Library,0,2021,"genre:""Sleep""",0.179,0.941,8,-41.31,0,0.092,0.981,0.893,0.571,1e-05,179.737
Ending the Week with Rain,"Lightning, Thunder and Rain Storm",1,2023,"genre:""Sleep""",0.212,0.749,1,-27.575,1,0.0611,0.0798,0.901,0.296,0.0223,113.873
Waves: Relaxation,Water Sounds,0,2018,"genre:""Sleep""",0.156,0.452,10,-25.778,0,0.0757,0.619,0.536,0.423,1e-05,130.787
rain for bed,Rain for Deep Sleep,0,2023,"genre:""Sleep""",0.297,0.454,0,-23.767,1,0.084,0.0175,0.927,0.112,0.504,91.706
Lotto,Bizzle,23,2019,"genre:""Christian & Gospel""",0.638,0.626,9,-8.545,1,0.33,0.0612,0.0,0.112,0.207,176.81
Keep Grinding (feat. Brian Owens),Thi'sl,8,2014,"genre:""Christian & Gospel""",0.632,0.799,4,-5.975,0,0.0783,0.0244,0.0,0.106,0.186,87.515
Total Praise,Nathanael,13,2018,"genre:""Christian & Gospel""",0.657,0.894,2,-5.071,0,0.0381,0.04,0.0,0.175,0.725,95.006
Too Much? My Bad!,Datin,15,2022,"genre:""Christian & Gospel""",0.797,0.799,1,-3.879,1,0.327,0.273,0.0,0.0998,0.601,118.111
Rolling Stone,Out Of Eden,10,2002,"genre:""Christian & Gospel""",0.545,0.813,4,-4.891,0,0.0615,0.13,0.0,0.349,0.258,98.949
Gimme Ya Chain,Plain James,0,2018,"genre:""Christian & Gospel""",0.811,0.721,2,-9.847,0,0.242,0.0987,0.0015,0.0961,0.66,140.077
Sacrifice (Die 4 It) [feat. Canon],Reconcile,8,2014,"genre:""Christian & Gospel""",0.636,0.765,10,-5.889,0,0.337,0.0666,0.0,0.517,0.415,151.576
I Used To,Dee Black,8,2022,"genre:""Christian & Gospel""",0.521,0.793,0,-5.327,0,0.238,0.122,0.0,0.391,0.618,82.033
Takin' It To The Streets,Take 6,0,2003,"genre:""Christian & Gospel""",0.654,0.6,0,-10.137,1,0.0353,0.104,0.0,0.156,0.849,148.411
Live It,The Cross Movement,7,2003,"genre:""Christian & Gospel""",0.648,0.893,1,-4.584,1,0.308,0.0384,0.0,0.0734,0.702,94.66
"Holy, Holy, Holy",The Martins,5,2018,"genre:""Christian & Gospel""",0.456,0.187,1,-10.039,1,0.117,0.878,0.0,0.184,0.476,166.873
Aye,Ko'rale,4,2023,"genre:""Christian & Gospel""",0.772,0.467,3,-8.281,0,0.0621,0.474,0.115,0.167,0.715,107.133
Dopefiend,Reconcile,5,2019,"genre:""Christian & Gospel""",0.578,0.732,5,-5.637,0,0.262,0.0273,0.0,0.368,0.367,155.024
Dirty Laundry,Japhia Life,3,2004,"genre:""Christian & Gospel""",0.557,0.718,6,-7.86,1,0.254,0.106,0.0,0.307,0.615,83.309
Tear It Up,Corey Paul,6,2015,"genre:""Christian & Gospel""",0.876,0.76,10,-7.067,0,0.0666,0.0127,0.0,0.168,0.202,114.956
I Felt That,Eshon Burgundy,24,2020,"genre:""Christian & Gospel""",0.474,0.661,10,-9.057,0,0.354,0.111,0.0,0.102,0.364,168.793
Preachers Cry (feat. Austin Campbell),Viktory,1,2014,"genre:""Christian & Gospel""",0.453,0.845,8,-7.807,0,0.408,0.192,0.0,0.109,0.558,89.365
Christian Is My New Gang,Sevin,22,2018,"genre:""Christian & Gospel""",0.573,0.568,11,-8.279,0,0.589,0.0726,0.0,0.101,0.199,70.319
Get Ah Amen!,Mouthpi3ce,5,2020,"genre:""Christian & Gospel""",0.723,0.747,2,-6.421,1,0.304,0.112,0.0,0.181,0.43,90.027
In Christ Alone,The Martins,7,2005,"genre:""Christian & Gospel""",0.433,0.348,5,-8.881,1,0.0334,0.644,0.0,0.0627,0.208,134.068
No More,Bizzle,13,2015,"genre:""Christian & Gospel""",0.701,0.453,8,-8.564,1,0.209,0.152,0.0,0.0713,0.378,120.066
Forgiveness,Eddie Neblett,28,2018,"genre:""Christian & Gospel""",0.496,0.594,5,-7.131,0,0.294,0.437,0.0,0.244,0.73,172.031
The One I Want,Nathanael,3,2022,"genre:""Christian & Gospel""",0.629,0.648,11,-8.741,0,0.16,0.00296,0.0,0.244,0.354,199.994
Million Bucks,Bizzle,26,2023,"genre:""Christian & Gospel""",0.869,0.451,5,-10.247,0,0.0823,0.286,0.000125,0.174,0.198,115.011
Good Look Around,Datin,3,2016,"genre:""Christian & Gospel""",0.574,0.903,11,-7.275,0,0.197,0.00563,1.58e-05,0.381,0.423,160.065
Somebody,Bizzle,9,2011,"genre:""Christian & Gospel""",0.433,0.731,9,-5.538,0,0.3,0.214,0.0,0.295,0.397,170.259
War for the Block,Reconcile,9,2020,"genre:""Christian & Gospel""",0.669,0.641,7,-8.469,0,0.423,0.0925,0.0,0.126,0.709,139.877
Die at the Top,Corey Paul,17,2015,"genre:""Christian & Gospel""",0.641,0.792,7,-7.241,0,0.354,0.432,0.0,0.0978,0.583,139.596
Yesu,Amanda Malela,22,2021,"genre:""Christian & Gospel""",0.592,0.717,11,-6.026,0,0.0994,0.387,0.0,0.11,0.852,164.056
Fear of God,Dee Black,27,2019,"genre:""Christian & Gospel""",0.623,0.548,2,-7.441,0,0.365,0.162,0.0,0.11,0.242,114.817
Letter to God (feat. Dave James),Viktory,11,2016,"genre:""Christian & Gospel""",0.528,0.473,1,-8.763,1,0.191,0.455,0.0,0.133,0.251,105.039
Cotton,Eshon Burgundy,13,2019,"genre:""Christian & Gospel""",0.667,0.721,10,-7.788,0,0.381,0.261,0.0,0.128,0.811,93.161
Picked Me Up,GS,16,2019,"genre:""Christian & Gospel""",0.668,0.683,9,-11.674,1,0.0791,0.245,0.0,0.051,0.621,160.049
Panic,Datin,9,2018,"genre:""Christian & Gospel""",0.736,0.602,10,-6.871,0,0.36,0.27,0.0,0.629,0.422,120.253
Pray for Peace,Corey Paul,12,2023,"genre:""Christian & Gospel""",0.871,0.452,3,-9.096,0,0.304,0.191,3.97e-05,0.0908,0.558,143.994
Straighten Up And Fly Right,Take 6,5,2008,"genre:""Christian & Gospel""",0.696,0.255,11,-14.572,1,0.22,0.744,0.0,0.314,0.541,139.973
How to Say Goodbye (feat. Dave James),Viktory,1,2016,"genre:""Christian & Gospel""",0.693,0.633,10,-5.956,1,0.16,0.655,0.0,0.0939,0.486,140.035
The Fear of God,Eshon Burgundy,29,2015,"genre:""Christian & Gospel""",0.654,0.777,8,-7.814,0,0.261,0.713,0.0,0.104,0.64,80.206
Behind the Clouds (feat. Chris Lee),Json,23,2012,"genre:""Christian & Gospel""",0.611,0.779,8,-6.128,1,0.0535,0.292,0.0,0.121,0.668,90.011
From the Outside,Bizzle,7,2016,"genre:""Christian & Gospel""",0.445,0.699,11,-7.345,1,0.388,0.112,0.0,0.166,0.311,160.146
Take It Ez,Joshua Ali,3,2022,"genre:""Christian & Gospel""",0.892,0.722,0,-5.991,1,0.146,0.0165,0.000445,0.2,0.765,109.975
The AmazinGrace,Phanatik,10,2004,"genre:""Christian & Gospel""",0.76,0.872,10,-6.71,0,0.257,0.211,0.0,0.354,0.556,106.011
The Recipe,Stephen the Levite,3,2020,"genre:""Christian & Gospel""",0.527,0.858,8,-6.446,1,0.34,0.234,0.0,0.255,0.847,88.564
Tinchy Stryder,Melvillous,3,2019,"genre:""Christian & Gospel""",0.73,0.835,2,-7.265,1,0.318,0.313,5.24e-06,0.346,0.689,140.004
Be Still My Soul,Out Of Eden,8,2005,"genre:""Christian & Gospel""",0.596,0.466,10,-6.819,1,0.0377,0.529,0.0,0.122,0.468,73.902
I Wish,HopeDealers,3,2023,"genre:""Christian & Gospel""",0.586,0.562,2,-11.295,0,0.654,0.453,0.0,0.36,0.585,125.069
Ideclare,Joshua Ali,2,2018,"genre:""Christian & Gospel""",0.661,0.908,0,-6.426,1,0.278,0.183,0.0,0.109,0.37,135.107
Not Perfect,Pastor AD3,17,2017,"genre:""Christian & Gospel""",0.641,0.684,2,-4.991,1,0.125,0.362,0.0,0.153,0.487,120.346
Letter 2 tha Hood (feat. da Da),Sevin,7,2015,"genre:""Christian & Gospel""",0.564,0.884,0,-4.942,1,0.261,0.118,0.0,0.285,0.279,92.624
I'm A Vet,Pettidee,14,2007,"genre:""Christian & Gospel""",0.757,0.924,10,-7.849,0,0.287,0.187,0.0,0.0886,0.672,136.146
A Mi Me Respetas,Adriana Ríos,40,2023,"genre:""Regional Mexican""",0.716,0.536,11,-5.94,0,0.0492,0.629,0.0,0.0897,0.596,95.121
En Eso No Quedamos - En Vivo,Marilyn Odessa,3,2022,"genre:""Regional Mexican""",0.622,0.403,6,-8.178,1,0.0489,0.798,4.34e-05,0.131,0.576,126.162
Dame De Tu Amor,Angélica Gallegos,12,2020,"genre:""Regional Mexican""",0.665,0.291,2,-7.807,1,0.0296,0.806,9.18e-06,0.104,0.297,119.863
Mi Amor Por Ti,Los Horóscopos De Durango,0,2022,"genre:""Regional Mexican""",0.687,0.723,4,-2.493,0,0.0304,0.32,0.000193,0.31,0.937,141.552
Pagaras,Sonora Mermelada,12,2020,"genre:""Regional Mexican""",0.534,0.677,9,-6.519,0,0.0472,0.118,0.0,0.268,0.937,201.834
Mi Nombre Es México,Rosy Arango,2,2019,"genre:""Regional Mexican""",0.346,0.534,5,-4.586,0,0.0477,0.849,0.0,0.353,0.42,168.044
COBIJAS AJENAS,Lili Zetina,10,2023,"genre:""Regional Mexican""",0.684,0.487,7,-4.329,1,0.0758,0.751,0.0,0.0951,0.946,165.826
Viva Mexico,Aida Cuevas,8,2013,"genre:""Regional Mexican""",0.619,0.351,9,-9.427,1,0.0397,0.339,0.0,0.093,0.66,122.603
Se Te Olvidó,Nora González,12,2021,"genre:""Regional Mexican""",0.618,0.43,2,-8.818,1,0.0247,0.274,1.91e-06,0.152,0.431,89.98
Baile de Berenice,Las Fenix,10,2020,"genre:""Regional Mexican""",0.854,0.867,8,-4.228,1,0.0507,0.0928,0.0,0.203,0.708,110.022
Voy a Pistear a Medias,Alejandra Rojas,37,2021,"genre:""Regional Mexican""",0.859,0.451,0,-6.346,1,0.0432,0.599,0.0,0.0831,0.961,122.519
Santa Baby (Spanish),Mariachi Divas de Cindy Shea,37,2007,"genre:""Regional Mexican""",0.738,0.342,9,-6.502,1,0.0398,0.679,0.0,0.111,0.738,109.718
Ingenua niña tonta,Erika y El Ruedo,1,2018,"genre:""Regional Mexican""",0.753,0.666,7,-6.608,1,0.0839,0.209,4.04e-06,0.0515,0.966,171.599
Fue un placer conocerte,Nena Guzman,9,2020,"genre:""Regional Mexican""",0.784,0.453,5,-7.997,1,0.167,0.43,0.0,0.347,0.641,81.77
Prieta Consentida,Las Hermanas Jeyci,16,2022,"genre:""Regional Mexican""",0.708,0.57,9,-8.217,1,0.03,0.0626,0.00226,0.077,0.966,108.223
Creiste,Adelita Tapia,12,2017,"genre:""Regional Mexican""",0.456,0.498,4,-5.494,1,0.0667,0.131,3.95e-05,0.0929,0.569,177.545
Costumbres,Laraim,19,2019,"genre:""Regional Mexican""",0.491,0.406,8,-4.801,0,0.0293,0.587,0.0,0.239,0.702,176.135
Cutíviri Cuta,La Onda,1,2003,"genre:""Regional Mexican""",0.79,0.95,4,-5.886,0,0.0652,0.146,3.5e-05,0.112,0.735,101.424
Yo por El,Diana Reyes,2,2014,"genre:""Regional Mexican""",0.735,0.829,5,-2.445,1,0.0475,0.53,0.0,0.103,0.934,144.032
Una Noche Más Contigo - En Vivo,Kimberly Pleitez,4,2023,"genre:""Regional Mexican""",0.652,0.402,8,-6.977,1,0.0463,0.786,3.18e-06,0.124,0.44,118.744
La Chancla Que Yo Tire,Cheli Madrid,3,2019,"genre:""Regional Mexican""",0.881,0.713,5,-3.462,1,0.0438,0.262,1.46e-05,0.0507,0.952,108.016
Te Reto Cuando Quieras,Cynthia Silva La Grande,0,2023,"genre:""Regional Mexican""",0.602,0.533,0,-3.868,1,0.036,0.672,0.0,0.156,0.895,145.664
Mi Cafetal,Hermanas Lima,29,1951,"genre:""Regional Mexican""",0.676,0.31,10,-9.768,1,0.0484,0.818,0.132,0.294,0.977,140.283
Dicen De Mi (En Vivo),Janely Rosa,12,2022,"genre:""Regional Mexican""",0.631,0.448,10,-5.865,1,0.0534,0.44,0.0,0.143,0.885,115.447
Amor Ilegal,Carmen Jara,17,2007,"genre:""Regional Mexican""",0.483,0.682,8,-4.913,1,0.0502,0.55,0.0,0.32,0.807,174.762
Trono Caído,Jenni Rivera,53,2008,"genre:""Regional Mexican""",0.667,0.539,3,-3.714,1,0.0395,0.833,0.0,0.0981,0.944,156.344
Te He de Amar y Te He de Amar,Las Marías,1,2018,"genre:""Regional Mexican""",0.638,0.578,6,-6.203,1,0.0302,0.381,1.52e-05,0.336,0.85,137.073
Piel Canela / Cerca del Mar,Mariachi Divas de Cindy Shea,9,2006,"genre:""Regional Mexican""",0.799,0.526,0,-5.952,1,0.0301,0.52,2.2e-06,0.107,0.928,128.035
EL ZAS,Lili Zetina,6,2023,"genre:""Regional Mexican""",0.765,0.617,3,-4.797,1,0.106,0.594,5.82e-05,0.0704,0.963,150.123
México Lindo y Querido,Aida Cuevas,1,2007,"genre:""Regional Mexican""",0.464,0.213,0,-8.28,1,0.0342,0.57,0.0,0.122,0.505,115.508
De Contrabando,Zayda y los Culpables,14,2021,"genre:""Regional Mexican""",0.568,0.514,3,-9.265,1,0.0274,0.465,2.18e-05,0.111,0.53,176.048
Inolvidable - En Vivo,Jenni Rivera,28,2016,"genre:""Regional Mexican""",0.627,0.659,10,-6.263,1,0.101,0.369,1.91e-05,0.337,0.96,106.599
La Noche de Mi Mal,Mariachi Femenil Estrella De México,2,2022,"genre:""Regional Mexican""",0.448,0.201,10,-9.359,1,0.033,0.721,0.0,0.162,0.481,107.748
Quiero Ser Tu Amiguita,Graciela Beltran,0,1998,"genre:""Regional Mexican""",0.627,0.571,10,-6.163,1,0.0321,0.902,0.000519,0.106,0.763,94.161
Yo Soy La Amante,Nena Guzman,23,2014,"genre:""Regional Mexican""",0.653,0.87,0,-0.933,1,0.0584,0.51,1.07e-05,0.277,0.935,177.084
El Hablador,Irene del Rosario,16,2023,"genre:""Regional Mexican""",0.819,0.38,8,-5.646,1,0.04,0.588,0.0,0.138,0.835,112.458
"Ni Me Viene, Ni Me Va",Jenni Rivera,40,2008,"genre:""Regional Mexican""",0.862,0.463,10,-5.005,1,0.0723,0.697,0.0,0.0758,0.965,105.897
Esa Soy Yo,América Sierra,4,2019,"genre:""Regional Mexican""",0.706,0.662,4,-3.266,1,0.0312,0.461,0.0,0.189,0.516,133.061
Baila Mi Cumbia,La Onda,10,2009,"genre:""Regional Mexican""",0.824,0.811,10,-6.435,1,0.0395,0.086,0.000279,0.0554,0.935,103.376
Ojitos De Lucero,Las Palomas Del Norte,30,2004,"genre:""Regional Mexican""",0.807,0.511,10,-6.75,1,0.0431,0.71,0.0032,0.0444,0.959,112.059
Díganle,Las Fenix,11,2021,"genre:""Regional Mexican""",0.598,0.822,0,-3.095,0,0.0545,0.251,0.0,0.0823,0.771,173.88
Lo Del Agua Al Agua,Adelita Tapia,0,2017,"genre:""Regional Mexican""",0.48,0.272,2,-10.526,1,0.0478,0.641,8.98e-06,0.0834,0.61,158.229
La Malagueña,Mariachi Divas de Cindy Shea,13,2006,"genre:""Regional Mexican""",0.464,0.438,7,-5.946,0,0.0286,0.748,2.05e-05,0.0814,0.279,90.628
Tonto,Jenni Rivera,12,1999,"genre:""Regional Mexican""",0.765,0.747,0,-2.892,0,0.023,0.596,0.00066,0.0984,0.727,106.072
A Cambio de Qué - Pop,Jenni Rivera,49,2011,"genre:""Regional Mexican""",0.717,0.645,5,-5.039,1,0.0376,0.658,0.0,0.241,0.646,140.147
Quisiera Saber,Marilyn Odessa,4,2012,"genre:""Regional Mexican""",0.69,0.54,2,-5.976,1,0.0298,0.529,0.0,0.141,0.291,128.009
Los Pilares de la Carcel,Las Fenix,3,2011,"genre:""Regional Mexican""",0.693,0.657,0,-5.064,1,0.0305,0.195,0.0,0.0466,0.915,139.702
Me Siento Mal,Angélica Gallegos,37,2022,"genre:""Regional Mexican""",0.621,0.239,9,-7.905,1,0.0413,0.623,1.3e-06,0.32,0.283,80.478
Te Quedarás Conmigo,Elsa Rios,9,2010,"genre:""Regional Mexican""",0.57,0.392,0,-11.476,0,0.166,0.364,0.0,0.0759,0.684,187.205
Ni Dios Lo Quiera,Luz Maria,1,2021,"genre:""Regional Mexican""",0.641,0.456,5,-4.096,1,0.0369,0.606,1.06e-06,0.194,0.839,83.979
Heaven's Shore,Ambyion,29,2022,"genre:""Chill""",0.646,0.695,10,-10.975,0,0.0448,0.0404,0.931,0.154,0.0925,112.02
I Hate the One That I Was Before,Madson.,13,2019,"genre:""Chill""",0.569,0.406,7,-7.679,1,0.0317,0.46,0.0132,0.227,0.308,80.032
Pyro,Ruby Haunt,25,2021,"genre:""Chill""",0.447,0.369,3,-10.778,1,0.0306,0.806,0.894,0.13,0.0779,73.017
Downey - Lounge Mix,Florito,11,2023,"genre:""Chill""",0.571,0.495,7,-9.734,1,0.0373,0.775,0.913,0.151,0.369,88.058
Low,Worldtraveller,29,2020,"genre:""Chill""",0.731,0.452,5,-14.788,0,0.0513,0.64,0.896,0.0958,0.524,107.994
Beginnings,Knowmadic,35,2018,"genre:""Chill""",0.612,0.181,6,-15.316,0,0.116,0.788,0.606,0.108,0.519,69.987
Without You,Ascence,33,2020,"genre:""Chill""",0.5,0.971,7,-2.912,1,0.0476,0.0367,0.031,0.338,0.271,149.933
Find Your Way (See),Sun Glitters,5,2011,"genre:""Chill""",0.399,0.412,7,-11.658,1,0.129,0.355,0.098,0.0806,0.314,77.974
Journey to Mandurai - Buddha Bar Edit,Chris Le Blanc,4,2016,"genre:""Chill""",0.621,0.739,7,-8.657,1,0.0627,0.00118,0.763,0.924,0.736,83.994
put your head on my shoulder,vict molina,4,2022,"genre:""Chill""",0.493,0.222,7,-14.633,1,0.0305,0.806,0.00168,0.108,0.217,171.745
Messed Up Kids,oomiee,17,2018,"genre:""Chill""",0.581,0.814,4,-6.523,1,0.344,0.0556,0.00276,0.172,0.448,74.039
Sigueme - Original Mix,Camiel,0,2017,"genre:""Chill""",0.704,0.433,0,-10.114,1,0.0721,0.041,0.255,0.0539,0.922,169.939
Time,Remulak,4,2019,"genre:""Chill""",0.453,0.407,0,-12.363,0,0.045,0.816,0.874,0.114,0.292,78.376
Nightnight - Skit,DRWN.,1,2018,"genre:""Chill""",0.432,0.247,1,-18.107,0,0.0305,0.922,0.9,0.0973,0.066,170.504
Rain & Flowers,Tomppabeats,32,2016,"genre:""Chill""",0.682,0.162,7,-15.88,1,0.0763,0.462,0.00611,0.232,0.845,76.053
Supernova,Azur,59,2023,"genre:""Chill""",0.551,0.0638,6,-20.289,1,0.0891,0.989,0.919,0.11,0.286,93.605
Contact - The Wide Ocean Mix,Cinematic,0,2021,"genre:""Chill""",0.596,0.76,11,-11.015,0,0.0575,0.00157,0.894,0.148,0.516,164.064
PULSE,LXST CXNTURY,34,2023,"genre:""Chill""",0.705,0.95,8,-5.848,1,0.171,0.0365,0.968,0.2,0.17,119.99
Misery,Sefu,1,2022,"genre:""Chill""",0.355,0.612,11,-5.675,1,0.145,0.658,0.0,0.134,0.636,92.893
Got My Own,Leavv,11,2021,"genre:""Chill""",0.719,0.125,11,-14.832,0,0.265,0.671,0.84,0.0735,0.523,176.906
Gangland,Stilz,8,2018,"genre:""Chill""",0.634,0.362,9,-11.918,0,0.0597,0.0214,0.844,0.0934,0.231,180.014
Prism,DRWN.,5,2017,"genre:""Chill""",0.72,0.383,1,-12.941,0,0.432,0.815,0.446,0.173,0.333,83.026
AA0799,AK,11,2018,"genre:""Chill""",0.453,0.102,6,-25.743,1,0.0311,0.89,0.93,0.0754,0.0665,131.978
Situation (Outro),Lil Aone,9,2022,"genre:""Chill""",0.78,0.38,6,-13.193,0,0.206,0.26,0.0,0.116,0.181,96.02
Aman Aman,Cambis,10,2014,"genre:""Chill""",0.428,0.736,5,-8.986,0,0.0342,0.15,0.116,0.231,0.525,168.136
City Lights,Blackmill,33,2011,"genre:""Chill""",0.625,0.829,0,-7.244,0,0.0494,0.0155,1.99e-06,0.401,0.395,140.133
In the Shade,Donatella Monza,9,2018,"genre:""Chill""",0.589,0.0758,9,-19.008,0,0.0459,0.985,0.922,0.113,0.193,76.022
How Long,Sha7an,22,2023,"genre:""Chill""",0.717,0.526,1,-12.257,0,0.055,0.153,0.000527,0.207,0.144,121.037
motherly,DJ DEADHORSES,22,2023,"genre:""Chill""",0.47,0.629,7,-16.705,0,0.0415,0.0307,0.93,0.187,0.518,162.045
Unwind,Digby Jones,36,2023,"genre:""Chill""",0.809,0.671,11,-7.911,0,0.0418,0.0248,0.856,0.781,0.783,111.917
Valis Called (Control),Com Truise,13,2014,"genre:""Chill""",0.665,0.324,9,-8.707,0,0.206,0.0023,0.393,0.109,0.294,194.024
Butterflys Stay with Me - The Green Cut,Frank Borell,6,2019,"genre:""Chill""",0.564,0.789,0,-7.374,1,0.033,0.282,0.967,0.121,0.557,90.0
Find Yourself (Alone),Foliage,4,2017,"genre:""Chill""",0.53,0.78,5,-6.765,1,0.0334,0.00106,0.00819,0.235,0.802,139.988
Suikazura,Mujo,27,2022,"genre:""Chill""",0.669,0.216,5,-13.14,1,0.412,0.825,0.772,0.128,0.17,107.903
Just Like I Am,August D. Valentine,27,2018,"genre:""Chill""",0.442,0.252,0,-11.802,1,0.0457,0.904,0.895,0.111,0.472,159.894
Discover,Tommy Berre,23,2021,"genre:""Chill""",0.552,0.141,2,-14.145,1,0.0494,0.975,0.86,0.0921,0.273,124.109
Dizzy - Joe Hertz Remix,Tim Atlas,21,2020,"genre:""Chill""",0.866,0.557,5,-9.755,0,0.0585,0.0381,0.0413,0.345,0.198,120.986
Super Power - Acoustic,Jordan Hawkins,28,2022,"genre:""Chill""",0.697,0.244,11,-13.854,0,0.0502,0.498,0.0,0.161,0.425,133.738
Metal Bird,Gold Panda,18,2016,"genre:""Chill""",0.596,0.677,11,-9.633,0,0.0695,0.273,0.0229,0.0958,0.559,140.035
Stay Again,Monodeluxe,7,2015,"genre:""Chill""",0.731,0.664,5,-10.145,0,0.0354,0.342,0.133,0.1,0.424,103.005
Cry (Original),Afterlife,17,1999,"genre:""Chill""",0.654,0.66,9,-7.763,1,0.0362,0.53,0.35,0.107,0.226,90.02
変わらない,Itto,0,2015,"genre:""Chill""",0.386,0.759,5,-6.938,0,0.0418,0.5,4.46e-06,0.226,0.245,135.794
Se fossi foco,Stefano Saletti,0,2021,"genre:""Chill""",0.593,0.386,11,-7.547,0,0.0279,0.18,7.84e-05,0.109,0.261,114.148
Sidewalkin',Lester Nowhere,20,2017,"genre:""Chill""",0.827,0.554,1,-7.656,0,0.0679,0.363,0.901,0.317,0.543,90.996
RBMA BC Sendai Session Beat,Bugseed,1,2014,"genre:""Chill""",0.645,0.862,7,-5.237,1,0.238,0.215,0.675,0.379,0.539,86.084
Your Eyes,Schwarz & Funk,9,2021,"genre:""Chill""",0.786,0.522,5,-8.159,1,0.228,0.0996,0.909,0.0414,0.774,90.01
Hope(less) - Original Mix,Arkasia,11,2011,"genre:""Chill""",0.439,0.64,7,-6.899,0,0.0686,0.0415,0.126,0.103,0.0379,139.945
Lullaby of the Sea,Birocratic,17,2017,"genre:""Chill""",0.709,0.617,9,-7.645,0,0.0327,0.113,0.0489,0.0619,0.442,139.477
2am,VILLSHANA,23,2023,"genre:""Chill""",0.683,0.728,7,-4.813,1,0.028,0.395,2.58e-06,0.112,0.675,139.934
Liturgy,Phelian,30,2018,"genre:""Chill""",0.326,0.418,5,-15.162,0,0.0667,0.651,0.939,0.128,0.0852,109.749
Invisible,Eminence,21,2015,"genre:""Gaming""",0.498,0.663,0,-5.49,0,0.0461,0.0867,2.24e-05,0.101,0.172,127.999
Necessity Tech,BVSSIC,15,2023,"genre:""Gaming""",0.74,0.861,6,-2.649,0,0.0574,0.17,0.103,0.111,0.0575,110.016
I'm Back,Sikdope,21,2016,"genre:""Gaming""",0.647,0.904,6,-3.886,0,0.0377,0.0021,0.743,0.0931,0.0995,128.006
Listen Vip,Habstrakt,4,2014,"genre:""Gaming""",0.698,0.908,7,-3.372,1,0.131,0.0035,0.473,0.087,0.424,102.061
Pitch Black,Trampa,2,2013,"genre:""Gaming""",0.665,0.786,0,-6.782,0,0.0454,3.75e-05,0.955,0.375,0.0281,140.419
Losing Control,Terravita,14,2014,"genre:""Gaming""",0.45,0.942,1,-2.598,1,0.0631,0.000134,0.314,0.0663,0.321,174.019
Pixie Dust,nanobii,25,2016,"genre:""Gaming""",0.437,0.883,8,-6.342,1,0.0532,0.0775,0.811,0.112,0.453,180.104
IDONTBELONGHERE,Varien,23,2019,"genre:""Gaming""",0.738,0.679,9,-8.928,0,0.0296,0.00388,0.891,0.118,0.508,130.021
God,INHUMAN,23,2016,"genre:""Gaming""",0.447,0.511,1,-2.611,1,0.164,0.00918,0.651,0.117,0.0395,140.045
All Of The Above,Virtual Riot,18,2023,"genre:""Gaming""",0.421,0.724,8,-8.785,1,0.0494,0.098,0.0577,0.131,0.2,115.25
Sad Machine 927,Kozmoz,40,2022,"genre:""Gaming""",0.609,0.997,5,-0.973,0,0.14,0.156,0.531,0.124,0.116,144.973
Used To,Axero,11,2021,"genre:""Gaming""",0.736,0.791,5,-7.416,1,0.0269,0.414,0.00018,0.0865,0.398,109.987
Suga,Walter Wilde,9,2018,"genre:""Gaming""",0.806,0.946,11,-2.549,1,0.169,0.0246,0.221,0.31,0.755,145.995
Twisted Metal,Megalodon,2,2012,"genre:""Gaming""",0.698,0.818,11,-7.002,0,0.0871,0.000523,0.874,0.634,0.558,140.003
Want Your Love,Stonebank,11,2019,"genre:""Gaming""",0.565,0.976,4,-1.868,0,0.0546,0.000583,2.1e-05,0.136,0.17,124.01
Right Through,Disco's Over,4,2015,"genre:""Gaming""",0.529,0.728,5,-5.891,0,0.0778,0.0256,4.87e-05,0.353,0.457,130.284
Together Again,Bandlez,17,2019,"genre:""Gaming""",0.413,0.943,0,-2.753,0,0.397,0.00225,0.00192,0.624,0.355,150.014
Immortals,Bainbridge,21,2019,"genre:""Gaming""",0.377,0.969,11,0.389,0,0.429,0.0977,0.0467,0.116,0.25,120.152
Heroes,Kotori,8,2019,"genre:""Gaming""",0.602,0.65,1,-5.505,1,0.0377,0.0167,0.00147,0.151,0.232,75.009
Half Breed,Megalodon,14,2018,"genre:""Gaming""",0.327,0.983,5,-1.73,0,0.167,0.000246,0.0355,0.328,0.163,149.477
Lockdown VIP,Megalodon,1,2011,"genre:""Gaming""",0.819,0.787,7,-6.056,1,0.271,0.000334,0.446,0.275,0.312,139.934
Life,Televisor,5,2012,"genre:""Gaming""",0.639,0.729,7,-5.209,1,0.0767,0.0616,0.106,0.0956,0.674,128.055
Never Say Never (MYLK Remix),Draper,7,2019,"genre:""Gaming""",0.758,0.799,11,-3.541,0,0.0499,0.00437,7.83e-05,0.281,0.832,137.002
Lol Trap Music,Hi I'm Ghost,20,2019,"genre:""Gaming""",0.779,0.973,1,-1.182,1,0.3,0.0151,0.0203,0.133,0.389,144.999
Dryest Boy,Neonix,6,2019,"genre:""Gaming""",0.819,0.815,11,-1.455,0,0.156,0.000109,0.329,0.126,0.546,139.941
Dead Eye,beastboi.,10,2022,"genre:""Gaming""",0.603,0.952,5,-4.693,0,0.51,0.0269,0.00265,0.451,0.132,72.52
Lately,Rival,26,2019,"genre:""Gaming""",0.781,0.456,9,-7.051,1,0.0381,0.386,1.32e-05,0.0767,0.544,117.976
Phantom,NexP,3,2022,"genre:""Gaming""",0.779,0.746,2,-5.635,1,0.0742,0.431,0.664,0.24,0.15,100.018
Change,IZECOLD,5,2015,"genre:""Gaming""",0.539,0.796,6,-9.15,1,0.0537,0.0301,0.833,0.394,0.208,170.029
Standing at the Edge,Trivecta,22,2019,"genre:""Gaming""",0.519,0.893,5,-4.936,0,0.0755,0.00871,0.052,0.166,0.216,77.56
Elements,Fractal,9,2013,"genre:""Gaming""",0.433,0.821,8,-5.692,1,0.0395,0.00027,0.0205,0.361,0.101,139.901
Heat Stroke,High Zombie,3,2022,"genre:""Gaming""",0.706,0.913,1,-1.961,1,0.156,0.000961,0.338,0.108,0.0759,140.091
Welcome To The Party,Hi I'm Ghost,14,2023,"genre:""Gaming""",0.458,0.985,2,-1.796,1,0.311,0.000463,0.0811,0.156,0.142,149.916
This Life,Johnning,16,2014,"genre:""Gaming""",0.533,0.921,8,-4.684,1,0.0582,0.00563,0.0146,0.141,0.174,128.022
Battle Axe,Axel Boy,3,2015,"genre:""Gaming""",0.399,0.764,1,-6.003,0,0.132,0.0417,7.14e-06,0.0928,0.0743,108.937
Lithium,NexP,6,2022,"genre:""Gaming""",0.756,0.826,1,-7.315,1,0.0432,0.0332,0.677,0.0812,0.627,125.016
Skeleton Johny,Wubbaduck,6,2019,"genre:""Gaming""",0.748,0.812,1,-1.368,1,0.239,0.00126,0.0173,0.154,0.212,139.977
Image,STUCA,7,2018,"genre:""Gaming""",0.779,0.703,1,-5.083,1,0.0386,0.00142,0.758,0.0443,0.107,127.993
Home,Harley Bird,15,2017,"genre:""Gaming""",0.647,0.868,0,-3.253,0,0.0359,0.045,6.29e-06,0.24,0.372,103.983
Unshakeable,AFK,8,2016,"genre:""Gaming""",0.495,0.863,4,-3.981,1,0.0286,0.00641,7.23e-05,0.116,0.108,150.029
Execute,Kliptic,26,2022,"genre:""Gaming""",0.484,0.956,2,-0.803,1,0.463,0.00184,0.00903,0.327,0.119,150.184
Sunset (Contacreast Remix),Soulero,4,2013,"genre:""Gaming""",0.577,0.949,9,-6.972,1,0.032,0.00536,0.921,0.0797,0.657,135.025
Universal,TwoThirds,5,2013,"genre:""Gaming""",0.336,0.813,4,-4.55,1,0.0366,0.000336,0.899,0.153,0.129,174.989
Follow - Litil Remix,Sikdope,9,2020,"genre:""Gaming""",0.586,0.98,1,-0.608,1,0.236,0.00621,0.251,0.706,0.121,72.592
Electro House,K-391,42,2018,"genre:""Gaming""",0.779,0.522,6,-10.336,0,0.145,0.0281,0.592,0.09,0.345,127.997
Locked N' Loaded,Benda,5,2019,"genre:""Gaming""",0.496,0.994,2,-1.588,1,0.42,0.00916,0.611,0.0684,0.266,149.772
Antihuman,Jiqui,3,2019,"genre:""Gaming""",0.59,0.99,1,-1.789,1,0.364,0.00207,0.165,0.253,0.344,150.016
Slow,Aweminus,5,2023,"genre:""Gaming""",0.776,0.836,1,-1.592,1,0.0404,0.00201,0.0,0.358,0.279,141.967
Chain Protocol,Stabby,3,2018,"genre:""Gaming""",0.704,0.943,9,-0.63,1,0.368,0.0795,0.0907,0.103,0.163,150.054
Interdimensional,Chime,17,2019,"genre:""Gaming""",0.526,0.87,2,-4.432,1,0.183,0.0106,0.000444,0.109,0.256,75.005
